ISIN,Country,Region,Sector,Rating,Currency,Issue_Date,Maturity_Date,MTY_YEARS,Coupon,YLD_YTM_MID,DUR_ADJ_MID,Price,Outstanding_Amount_M,Market_Value,Benchmark_Weight
USXAJI0Y6DPB,United States,North America,Technology,BB+,EUR,2025-12-26,2044-09-06,18.7118,9.65,8.6395,14.0339,113.6005,2242.34,2547.31,0.0004942782803347453
CAHSAHXTHV3A,Canada,North America,Industrial,BB,USD,2024-12-02,2041-08-08,16.6937,8.3094,8.7374,12.5203,93.8983,3980.44,3737.56,0.00072523357166891
GB3ZMF8MDD4V,United Kingdom,Europe,Utility,A-,AUD,2022-03-10,2037-03-31,15.0694,6.3002,5.9245,11.302,103.6455,7000.21,7255.41,0.001407834766056552
SW30T9NT3W5U,Switzerland,Europe,Utility,BB-,GBP,2023-04-18,2030-02-21,6.8542,10.1767,9.3542,5.1407,103.0076,3461.26,3565.36,0.0006918200021097896
RUZBIKCIDKWN,Russia,Europe,Utility,A,USD,2021-12-29,2047-07-24,25.584,6.5406,6.3692,19.188,103.1726,4192.43,4325.44,0.0008393054025191755
USNHJ7XVG0FN,United States,North America,Communications,BBB-,AUD,2024-12-20,2043-12-14,18.997,8.1735,7.8494,14.2477,104.2324,1208.23,1259.37,0.0002443672885927383
ZA9XUY41IBLJ,South Africa,Africa,Utility,BBB+,USD,2024-09-11,2049-07-06,24.8329,8.1431,7.4653,18.6247,113.3216,6685.23,7575.81,0.0014700049616822326
BRH75LXO6QJI,Brazil,Latin America,Communications,BB,USD,2025-03-16,2028-12-24,3.7796,10.299,9.0868,2.8347,104.6697,6117.33,6402.99,0.0012424317755595398
MEUJV6OH9SDB,Mexico,North America,Government,AA,USD,2021-05-30,2043-05-14,21.9709,4.8173,4.0331,16.4781,112.3074,4673.7,5248.91,0.0010184948861472881
MEDW2PCN9T84,Mexico,North America,Government,AA-,USD,2024-12-28,2046-06-14,21.4745,4.632,5.1664,16.1058,89.8977,7677.74,6902.11,0.0013392806770598197
MEAZYTJXEPQ8,Mexico,North America,Financial,AA,USD,2024-10-17,2052-10-21,28.0315,3.8787,4.1948,21.0237,91.8706,4456.84,4094.53,0.0007944997849413794
PE5JSG65KXVF,Peru,Latin America,Corporate,A-,JPY,2022-11-25,2033-10-17,10.9041,7.2355,6.3856,8.1781,105.6394,504.94,533.42,0.00010350444990839743
ME1T2TALA753,Mexico,North America,Technology,A,USD,2021-08-30,2035-05-04,13.6875,6.3668,5.4519,10.2656,108.7258,2578.26,2803.23,0.0005439368211104139
ITLC58DRC11E,Italy,Europe,Government,AAA,USD,2022-06-17,2031-05-14,8.9125,2.4848,3.2431,6.6844,95.3885,9978.53,9518.37,0.0018469379679700668
CARTJ5PHT0HL,Canada,North America,Corporate,BB,USD,2022-11-25,2032-09-10,9.8021,10.7826,9.7168,7.3516,105.3365,5752.48,6059.47,0.0011757753910360263
SW9XPSEIMVIH,Switzerland,Europe,Financial,BBB+,USD,2025-07-21,2047-12-05,22.3901,8.0963,7.7402,16.7925,105.9589,4288.83,4544.4,0.0008817922503163011
INCWI64CIYHE,Indonesia,Asia,Government,BBB,USD,2022-07-24,2029-10-11,7.2225,8.1493,7.2918,5.4169,105.3631,8190.26,8629.51,0.0016744641849368506
ME7UR23GDPPQ,Mexico,North America,Utility,BBB,EUR,2025-05-24,2038-03-19,12.8286,7.5062,7.0243,9.6214,105.5638,7484.55,7900.98,0.0015331007248270594
ME0Y9DOM5IGQ,Mexico,North America,Energy,BBB-,USD,2025-05-16,2045-11-02,20.4796,8.3843,8.0065,15.3597,105.8652,8885.05,9406.17,0.0018251667571423471
USPKI7P5TB94,United States,North America,Financial,AA,EUR,2025-11-26,2053-01-01,27.1191,5.6715,4.7508,20.3393,118.499,8583.82,10171.74,0.0019737174333756564
KU874FRHOCN9,Kuwait,Middle East,Energy,BBB+,EUR,2024-12-03,2027-03-06,2.2575,5.4134,6.5073,1.6931,95.2684,9947.35,9476.67,0.0018388465286517431
USJ2QP89UZFK,United States,North America,Energy,A+,USD,2022-06-11,2034-09-11,12.2611,5.5229,5.0984,9.1958,104.844,5898.93,6184.68,0.0012000710533153379
ME8UT0CVS4F8,Mexico,North America,Energy,A-,USD,2025-09-09,2044-03-11,18.5164,6.6997,6.9393,13.8873,97.8821,5275.05,5163.33,0.0010018890018100666
GECGVYIE6IVW,Germany,Europe,Industrial,BB,EUR,2024-10-27,2034-09-04,9.8616,9.2574,9.269,7.3962,100.1049,3155.82,3159.13,0.00061299541231884
PEPVS7HZIOYK,Peru,Latin America,Government,A+,CAD,2025-10-28,2039-10-21,13.9892,5.7188,5.6682,10.4919,100.3137,2313.65,2320.91,0.0004503477800549261
MEL1CQ99CHJ7,Mexico,North America,Communications,AA+,USD,2024-10-04,2052-12-13,28.2123,4.3975,3.7624,21.1593,112.3583,3907.14,4390.0,0.000851832580514163
CA55NF4ZW9XA,Canada,North America,Corporate,BBB-,EUR,2025-08-24,2047-02-23,21.5164,6.3733,7.3112,16.1373,85.381,8737.19,7459.9,0.0014475138650062878
CH3KX7EEDTJV,Chile,Latin America,Technology,BBB,EUR,2021-05-23,2028-10-28,7.4397,8.7109,7.7569,5.5798,105.9745,8955.05,9490.07,0.0018414466554350893
CAZHWJR64DPJ,Canada,North America,Corporate,A-,EUR,2021-08-09,2032-10-13,11.1883,5.9631,5.6058,8.3912,102.5837,854.81,876.89,0.00017015113246630166
INA1WJ0TPAC5,India,Asia,Financial,BB,USD,2021-12-13,2047-02-10,25.1803,9.5897,9.0401,18.8852,109.108,1310.8,1430.19,0.00027751308390103663
CA6T4UFEL624,Canada,North America,Technology,AA,EUR,2025-08-01,2047-11-24,22.3306,3.9602,4.4464,16.7479,93.4499,2883.18,2694.32,0.0005228039996197994
CA6HID25OWF7,Canada,North America,Technology,BBB,EUR,2024-08-01,2028-03-17,3.6294,6.8081,7.283,2.7221,98.0538,5717.65,5606.38,0.0010878581190758526
TU5935A0L725,Turkey,Europe,Industrial,A+,EUR,2024-05-23,2040-11-05,16.4675,7.5935,6.5611,12.3506,111.2322,3881.74,4317.75,0.0008378132402084344
JA3J2D54I3QK,Japan,Asia,Industrial,BB,USD,2021-06-18,2024-08-07,3.1404,8.2086,8.7579,2.3553,99.8031,4914.4,4904.73,0.0009517104356777288
RU2IAGL58KXO,Russia,Europe,Corporate,A,EUR,2022-11-27,2026-03-04,3.2685,7.6777,7.5935,2.4514,101.1789,9466.97,9578.58,0.0018586210749570275
KU9T7E8G8JDP,Kuwait,Middle East,Communications,BB+,GBP,2021-09-01,2042-08-12,20.9607,8.6571,9.2722,15.7205,92.4411,5683.36,5253.76,0.0010194359768114097
QA0LVSNUJZA7,Qatar,Middle East,Government,AAA,EUR,2025-07-16,2033-04-27,7.7872,3.4644,3.2568,5.8404,102.0974,721.08,736.21,0.00014285368202741046
JATZ0YNCXLL4,Japan,Asia,Technology,AA-,EUR,2023-04-24,2035-01-21,11.7534,5.1297,4.7677,8.8151,103.7725,8133.07,8439.89,0.0016376704505593799
CAZKLOOKEP7Y,Canada,North America,Industrial,BBB,USD,2023-03-31,2041-05-10,18.1259,5.3856,6.6062,13.5944,82.7379,9342.19,7729.53,0.0014998326847520814
JA6WKTAKPUXQ,Japan,Asia,Technology,BB-,EUR,2021-05-01,2029-12-29,8.6706,10.0931,10.081,6.503,101.0099,8351.35,8435.69,0.001636855485448182
MEPHR62GDSWM,Mexico,North America,Financial,AAA,USD,2026-02-10,2054-12-06,28.8392,3.5715,3.696,21.6294,97.1064,5183.74,5033.75,0.0009767453877364846
US31YIHAIR4C,United States,North America,Financial,BB,USD,2022-03-11,2043-01-03,20.8305,11.826,10.0124,15.6229,128.7393,9702.19,12490.54,0.0024236557904818616
RUOWGZRIXA11,Russia,Europe,Utility,AAA,USD,2021-09-23,2026-01-29,4.355,1.8905,3.2473,3.2662,93.9868,6022.4,5660.26,0.0010983129572166505
INDPG8SBI4Q2,India,Asia,Utility,AAA,CAD,2023-02-26,2052-09-27,29.608,4.866,3.5395,22.206,128.502,5075.84,6522.55,0.001265631115724978
MEY9V86WZS3T,Mexico,North America,Financial,BBB-,CAD,2022-04-13,2027-05-23,5.1135,6.2209,7.7129,3.8351,95.8682,7788.35,7466.55,0.0014488042264323515
CH60RJIW1SWJ,China,Asia,Government,AA,USD,2022-12-29,2051-11-30,28.9408,3.8889,4.7358,21.7056,81.5715,5519.52,4502.35,0.0008736328972387111
RUCKJLTEIYZC,Russia,Europe,Utility,BB-,AUD,2023-02-09,2026-04-25,3.2085,9.7011,9.416,2.4064,100.2143,2079.05,2083.5,0.00040428090694789485
MEOTOHP6VZ41,Mexico,North America,Technology,AAA,EUR,2024-07-10,2042-11-14,18.3608,3.9755,3.6086,13.7706,105.2621,9607.67,10113.23,0.0019623641932194186
CANAM148P0TV,Canada,North America,Utility,BBB+,EUR,2022-07-25,2032-04-27,9.7667,7.9846,6.3954,7.325,110.8836,3923.28,4350.27,0.0008441233986408537
MEHHPBMYOFQE,Mexico,North America,Energy,AAA,USD,2025-01-21,2038-07-24,13.5138,2.164,3.0625,10.1353,91.3862,9153.81,8365.32,0.0016232009390493706
AUWAOUAXEQBN,Australia,Asia,Financial,A+,EUR,2024-01-24,2037-10-06,13.7108,6.6082,5.571,10.2831,110.3555,7887.22,8703.98,0.0016889142925156407
GEHL1N13JCAT,Germany,Europe,Financial,A+,EUR,2024-01-21,2037-01-18,13.0037,5.1907,4.9151,9.7528,102.9669,4952.59,5099.52,0.000989507353299222
GE9MX2X18HAF,Germany,Europe,Industrial,A-,JPY,2021-10-01,2046-06-29,24.7612,6.5496,6.5026,18.5709,100.4224,4780.17,4800.36,0.0009314585526644571
MEEYUHZ1GV0E,Mexico,North America,Industrial,BB-,USD,2024-12-25,2051-07-22,26.5902,8.2773,9.8114,19.9426,70.6834,1578.8,1115.95,0.0002165381704384465
FR38DALY8OZC,France,Europe,Energy,A,GBP,2023-05-15,2033-12-23,10.6178,7.5489,6.2069,7.9633,108.0787,7954.35,8596.96,0.0016681482053250655
GBYWD14VE92M,United Kingdom,Europe,Technology,A,EUR,2022-09-05,2052-02-10,29.453,3.9416,5.6725,22.0897,63.2098,4656.01,2943.06,0.0005710693381339436
PEPNSM43D8W3,Peru,Latin America,Government,A,USD,2024-11-01,2052-04-23,27.4932,6.8215,6.4908,20.6199,106.8043,2953.32,3154.27,0.0006120523812615965
FRZP08J3TRP0,France,Europe,Energy,A+,USD,2026-03-15,2034-01-19,7.8557,5.7753,5.8982,5.8917,99.2005,1724.36,1710.57,0.0003319178262528728
MEJ43D5IQVNB,Mexico,North America,Financial,A,EUR,2023-11-09,2030-11-22,7.0419,6.083,6.3737,5.2814,100.5198,2137.04,2148.15,0.0004168255484809793
ME4GH2M5ZJA8,Mexico,North America,Industrial,A+,USD,2024-11-09,2036-07-31,11.7333,3.9062,5.3403,8.8,87.1885,3960.56,3453.16,0.0006700487912820698
PODZR1YXR2DH,Poland,Europe,Corporate,BBB,USD,2023-05-13,2044-08-09,21.258,7.2229,7.4438,15.9435,97.0911,2252.95,2187.41,0.00042444353187755924
MEYLURTP0LZJ,Mexico,North America,Communications,A,USD,2026-02-08,2049-05-14,23.2788,8.0237,6.3788,17.4591,128.4706,848.49,1090.06,0.00021151449264584702
MEJEGET1GHR0,Mexico,North America,Financial,A-,USD,2022-10-07,2039-08-27,16.8992,4.8051,7.2619,12.6744,68.0517,4084.2,2779.37,0.0005393070431215601
US9SKDGIGATJ,United States,North America,Government,A-,USD,2024-11-06,2041-10-29,16.9894,6.266,6.0477,12.742,103.6912,6951.47,7208.06,0.0013986470046243548
HO9TZE5R5UQP,Hong Kong,Asia,Corporate,AA-,USD,2021-05-23,2039-10-23,18.4316,7.7259,5.7397,13.8237,125.9326,9046.65,11392.68,0.0022106277912009326
TUGB7R3OCWBF,Turkey,Europe,Financial,BB-,USD,2022-04-27,2050-06-11,28.1434,8.2814,8.9321,21.1075,85.7794,2272.39,1949.24,0.00037822918889326355
MEUK9E1V2ISQ,Mexico,North America,Communications,A-,GBP,2024-10-31,2028-04-10,3.4458,6.585,6.6352,2.5843,99.6312,9709.97,9674.16,0.001877167352416149
INP49KWV08HH,India,Asia,Energy,AAA,USD,2024-09-30,2046-12-21,22.2411,3.1456,3.0462,16.6808,102.4083,5930.32,6073.14,0.0011784279084336637
USXFGCAQVKIZ,United States,North America,Energy,BBB-,USD,2025-09-14,2039-08-09,13.9122,9.8169,8.1079,10.4342,118.8194,1329.26,1579.42,0.00030646957045915243
ITZQY72WX7PT,Italy,Europe,Industrial,BB+,USD,2026-04-17,2038-08-15,12.3385,10.8791,8.8821,9.2538,120.464,2416.44,2910.94,0.0005648367954264003
ITX63CFL0UKE,Italy,Europe,Government,A+,USD,2023-10-29,2029-02-01,5.2675,3.4673,4.2642,3.9506,97.4288,8390.88,8175.14,0.0015862985426570739
ISYZ7SRCBPLJ,Israel,Middle East,Communications,BB+,CAD,2022-01-07,2029-02-01,7.0745,8.582,8.3985,5.3059,101.3269,956.9,969.6,0.0001881405170994379
SID84U89YJB1,Singapore,Asia,Government,A+,USD,2024-05-02,2030-11-29,6.5824,4.5324,5.2131,4.9368,97.3817,3503.87,3412.13,0.0006620873583029136
FRQX6GVWRDML,France,Europe,Communications,BBB+,USD,2021-08-16,2034-03-03,12.5544,7.8297,7.1217,9.4158,108.8741,4668.07,5082.33,0.0009861718175226755
GEY4LYK83TQL,Germany,Europe,Government,A-,USD,2026-01-13,2029-11-23,3.8653,6.3445,6.0576,2.899,100.997,3681.6,3718.31,0.0007214983149092522
MEL8OS9XTOGN,Mexico,North America,Technology,BB-,USD,2023-10-17,2046-07-15,22.7609,9.2971,9.7845,17.0707,92.0837,3461.36,3187.35,0.0006184712017088421
ME1W1HT7PZE9,Mexico,North America,Government,AA-,USD,2021-10-11,2045-02-09,23.3488,5.0574,4.7969,17.5116,102.3175,4841.5,4953.7,0.000961212540795674
TUVIFTTD96QE,Turkey,Europe,Industrial,BB-,USD,2025-12-18,2048-03-03,22.2231,9.8652,9.8379,16.6673,100.3193,5872.33,5891.08,0.0011431011112563495
SP3RZSJ49ITN,Spain,Europe,Utility,BB+,AUD,2023-02-24,2034-09-24,11.5907,5.7299,8.0546,8.693,79.9717,6308.82,5045.27,0.0009789807206129137
ME7S55J2O7S3,Mexico,North America,Utility,BB,USD,2023-11-21,2045-05-18,21.5062,9.7191,10.3218,16.1297,91.5813,1154.75,1057.54,0.00020520433421342775
CAKKV9RFTMTT,Canada,North America,Communications,BBB,CAD,2024-02-03,2038-09-14,14.6235,6.6909,7.1863,10.9676,94.9856,3655.39,3472.09,0.0006737219554618269
MEQLGZUI1B0Z,Mexico,North America,Communications,A+,USD,2025-10-07,2048-08-03,22.839,4.2933,5.3054,17.1292,81.0086,5605.26,4540.74,0.0008810820664336856
CH3NX39RBSV5,Chile,Latin America,Technology,AA+,USD,2024-07-26,2052-04-06,27.7167,2.3671,3.8702,20.7875,68.5076,5234.49,3586.03,0.0006958307946927572
TU5PSQ0OXFQ8,Turkey,Europe,Government,AAA,EUR,2024-06-30,2034-04-05,9.7724,3.0947,3.3636,7.3293,96.9227,1310.82,1270.48,0.0002465230653511694
ZAMYX444NLZ1,South Africa,Africa,Technology,AAA,USD,2025-02-16,2038-03-30,13.1249,3.4547,3.599,9.8437,98.0053,847.22,830.32,0.0001611147216976127
TU5BCW790PDW,Turkey,Europe,Financial,AA+,USD,2023-07-22,2045-07-13,21.9937,1.0756,3.7266,16.4952,57.3631,4307.25,2470.77,0.0004794265113797217
IT5PY6B2KNFT,Italy,Europe,Government,BBB+,JPY,2024-02-17,2052-08-07,28.4912,6.9625,7.2569,21.3684,95.1248,9799.85,9322.09,0.0018088519317734108
CHU2GC5WI6FQ,China,Asia,Industrial,BBB+,USD,2025-02-08,2033-04-25,8.2152,9.6339,7.0625,6.1614,115.9923,3723.08,4318.48,0.000837954888906333
GBJJA26YFPMV,United Kingdom,Europe,Government,BB,USD,2026-01-21,2030-11-02,4.7844,9.0681,9.0065,3.5883,98.5277,1325.79,1306.27,0.00025346773233445003
GEXPJ4HNRIUU,Germany,Europe,Technology,A+,USD,2022-01-06,2029-02-02,7.0802,6.4171,5.0497,5.3101,108.2192,9150.93,9903.06,0.0019215829509764432
RU9K9XJUY0BV,Russia,Europe,Technology,AA+,USD,2022-01-22,2025-01-05,2.9584,5.1146,3.3598,2.2188,101.8116,3297.42,3357.16,0.0006514210173118285
KUR6K2VMWWYZ,Kuwait,Middle East,Communications,AAA,JPY,2021-07-11,2037-02-28,15.6481,4.0125,4.3482,11.7361,97.4061,713.46,694.95,0.00013484762000645046
CAX4W6XLPU0D,Canada,North America,Industrial,BBB,USD,2022-11-15,2028-10-08,5.902,6.7554,6.9778,4.4265,99.3129,6990.25,6942.22,0.0013470635938717614
INK0GET8T63J,Indonesia,Asia,Industrial,BBB-,USD,2023-06-21,2033-02-18,9.6735,8.2424,8.3114,7.2552,96.9213,7341.92,7115.89,0.001380762401219801
CA3R30ME8F84,Canada,North America,Industrial,BB+,CAD,2025-11-10,2052-04-23,26.4689,7.5231,8.8558,19.8517,76.3035,8462.02,6456.82,0.0012528769117347283
RU0982N2ATQY,Russia,Europe,Energy,AA+,USD,2024-01-29,2046-09-22,22.6649,4.0394,3.8922,16.9987,102.2798,1148.37,1174.55,0.00022790887413278132
SIYV37DIA5U6,Singapore,Asia,Communications,AA-,EUR,2022-11-23,2033-03-16,10.3194,5.4913,4.9362,7.7396,102.5418,5628.51,5771.57,0.001119911473056521
MEHC36KOF8KR,Mexico,North America,Government,BB+,USD,2025-11-24,2037-03-31,11.3588,6.3187,8.4381,8.5191,81.5941,3839.63,3132.91,0.0006079077015532177
TUD5EQY08P0F,Turkey,Europe,Corporate,BBB,USD,2022-11-21,2047-10-22,24.9349,7.3984,7.9929,18.7011,89.1003,1323.7,1179.42,0.00022885384558314671
QAODRO8BNP84,Qatar,Middle East,Communications,A+,EUR,2023-08-25,2045-11-27,22.2749,6.0192,6.4729,16.7062,93.0526,5149.54,4791.78,0.0009297936953658668
CADYT9MOGE4Q,Canada,North America,Government,BB-,EUR,2023-06-22,2026-09-15,3.2366,10.0431,9.9092,2.4275,100.7716,9725.05,9800.09,0.0019016027230002377
UAXXVA2IEUC1,UAE,Middle East,Technology,AA-,GBP,2022-03-05,2033-02-06,10.9348,6.2412,4.8934,8.2011,112.3513,3964.62,4454.31,0.0008643112486811028
FRHH5LF6A4FE,France,Europe,Financial,A+,USD,2023-08-18,2037-12-19,14.3489,4.9668,5.4066,10.7617,96.7147,3528.15,3412.24,0.0006621087026272545
RUJGXAA2ILGB,Russia,Europe,Utility,AA+,USD,2025-03-09,2051-07-13,26.3628,4.7392,4.0983,19.7721,112.5001,1165.28,1310.94,0.0002543738959223774
US0S0R2SDS8B,United States,North America,Energy,AAA,USD,2024-05-30,2039-11-02,15.4365,3.2651,2.6973,11.5774,105.7682,3695.52,3908.69,0.0007584395191639872
GE25SQ8CROYR,Germany,Europe,Energy,AAA,USD,2021-09-06,2033-08-08,11.9294,3.8542,3.3996,8.9471,104.811,6096.53,6389.84,0.0012398801586042411
US6CCVCJWTL9,United States,North America,Energy,BBB,USD,2023-09-06,2036-08-20,12.9656,7.7782,7.9922,9.7242,97.8697,6327.41,6192.61,0.0012016097850610047
METQVDZ4X1ZH,Mexico,North America,Communications,AA-,GBP,2022-11-07,2031-04-20,8.4559,3.7674,5.3374,6.342,90.1173,2177.02,1961.87,0.0003806799054062234
USQIMQODPXNF,United States,North America,Corporate,AA,GBP,2026-03-04,2050-07-29,24.4216,3.1397,4.3133,18.3162,79.3006,1962.01,1555.89,0.0003019038254433214
IN7C3DD03UVU,India,Asia,Industrial,BBB+,EUR,2024-09-24,2027-09-15,2.9762,6.6842,7.5243,2.2322,98.2894,8835.88,8684.73,0.001685179035755983
USLEMX15Z8VM,United States,North America,Government,AA,AUD,2024-11-22,2051-01-05,26.1396,4.5527,4.7534,19.6047,95.1591,2900.17,2759.77,0.0005355038726026359
MEUHXID4N1U3,Mexico,North America,Industrial,BBB-,USD,2021-08-19,2050-07-20,28.9394,7.9698,8.4874,21.7046,88.9893,8586.47,7641.03,0.0014826602056232652
GB493WXA73JG,United Kingdom,Europe,Corporate,AA,USD,2021-06-19,2042-06-08,20.9845,6.31,4.5787,15.7383,126.8698,1994.74,2530.72,0.000491059168145513
USZLMA5UOFWB,United States,North America,Financial,BB-,EUR,2025-10-18,2046-10-29,21.0439,8.8451,9.7734,15.783,85.9435,8875.55,7627.96,0.0014801241118129417
SA0HPMNZ1UDB,Saudi Arabia,Middle East,Financial,A-,USD,2022-04-27,2047-04-05,24.9585,6.6502,6.1552,18.7189,109.6833,5320.94,5836.18,0.0011324483530171178
USFWYJXRPJ1E,United States,North America,Energy,BB+,AUD,2022-11-27,2042-08-01,19.6908,8.479,8.7002,14.7681,96.9231,3191.76,3093.55,0.0006002703142254189
USPKYRYBOVAK,United States,North America,Communications,AA+,USD,2022-11-28,2042-08-10,19.7134,5.062,4.3852,14.7851,110.5247,9499.33,10499.11,0.0020372400830073016
CAHEJLA0GNZS,Canada,North America,Government,BBB-,USD,2023-03-10,2026-10-21,3.6218,7.1287,7.6876,2.7163,98.859,7703.5,7615.6,0.0014777257859142732
ME43C5BA75UU,Mexico,North America,Government,A,USD,2025-01-23,2049-12-20,24.926,7.6036,5.7224,18.6945,133.7193,2054.43,2747.16,0.0005330570368759197
HOZPEAL2W37D,Hong Kong,Asia,Financial,AA-,GBP,2023-04-15,2046-11-28,23.639,2.6203,3.9006,17.7293,78.1736,9533.2,7452.45,0.0014460682721304722
US4IVSOLMLGS,United States,North America,Industrial,A+,EUR,2022-04-11,2035-05-26,13.1326,5.7205,5.4772,9.8495,102.1555,2524.49,2578.91,0.0005004099225999498
USES6M033IFH,United States,North America,Communications,BB,USD,2022-01-15,2037-03-26,15.2029,9.5188,9.176,11.4022,104.3646,7823.76,8165.23,0.0015843756130732706
KRV1XG1R11Q7,South Korea,Asia,Technology,AA,EUR,2022-01-18,2032-04-11,10.2367,5.3073,4.5983,7.6775,105.3537,1614.43,1700.86,0.00033003370453150776
USUWW5WFCPKJ,United States,North America,Energy,BBB,USD,2024-12-12,2045-03-05,20.2425,9.0607,8.2201,15.1819,112.1099,3448.44,3866.04,0.000750163742499083
TUCSLQC3C54W,Turkey,Europe,Industrial,AA+,EUR,2022-02-28,2035-03-24,13.0753,3.9685,3.208,9.8064,108.2428,7908.58,8560.47,0.0016610677108232518
CASQT26Q3XLR,Canada,North America,Financial,BBB+,USD,2023-05-23,2028-04-06,4.8782,7.2091,7.2127,3.6586,98.8285,6372.48,6297.82,0.001222024661096516
RUFCD6MZSGIP,Russia,Europe,Communications,AA+,USD,2024-02-16,2040-08-11,16.4959,4.8396,3.7644,12.3719,113.9335,8303.69,9460.68,0.0018357438400498248
USPSFNKOMV2X,United States,North America,Communications,BB+,USD,2026-04-18,2053-05-15,27.0942,9.8226,8.0106,20.3206,137.1785,8774.21,12036.33,0.002335521194492035
ITCDYK0X65MU,Italy,Europe,Energy,BB+,USD,2025-10-01,2046-03-28,20.503,9.3563,9.1587,15.3772,105.1138,5500.83,5782.13,0.0011219605281932476
FRFM8ZOV7LN2,France,Europe,Energy,BB,USD,2022-09-10,2029-02-25,6.4673,7.0978,8.6554,4.8504,93.4994,4966.73,4643.87,0.0009010933406998419
SW3Y30YSXPNN,Switzerland,Europe,Industrial,A-,USD,2023-10-26,2030-05-04,6.5268,7.0428,5.8444,4.8951,105.3768,1274.5,1343.03,0.0002606006174505549
NEGH8RIEC4D1,Netherlands,Europe,Technology,AAA,GBP,2021-07-13,2028-05-27,6.8774,5.9799,5.047,5.1581,105.685,4542.19,4800.41,0.0009314682546300667
CA45BM1ENF31,Canada,North America,Utility,BB,USD,2024-08-27,2050-11-30,26.2769,8.8719,8.7953,19.7077,103.0786,6178.37,6368.58,0.0012357548828270816
CH3FPOYIPK0Q,China,Asia,Corporate,AA,USD,2022-10-13,2050-04-23,27.5462,3.0557,3.7282,20.6596,83.8218,8441.98,7076.22,0.0013730648617052232
CATL3Q4N89QK,Canada,North America,Communications,AA-,CAD,2023-09-30,2030-10-09,7.0311,2.7906,5.1153,5.2733,87.0375,4653.07,4049.92,0.0007858436912245828
USNS832EJX5T,United States,North America,Technology,BBB+,USD,2021-06-25,2042-01-07,20.5534,6.5665,6.929,15.415,93.2933,9709.42,9058.23,0.0017576527188589534
USD44K1J6FP8,United States,North America,Industrial,AAA,EUR,2025-06-30,2031-02-26,5.6645,2.3564,3.1165,4.2483,96.6202,3643.45,3520.31,0.0006830785310956293
POHQMABSI9NB,Poland,Europe,Government,A+,USD,2024-11-30,2044-03-07,19.2801,5.2558,5.9978,14.46,87.9657,4103.91,3610.03,0.0007004877381853175
SP74X2EK3ZEZ,Spain,Europe,Utility,A+,EUR,2025-11-22,2047-08-18,21.7508,6.6764,5.587,16.3131,117.2556,9873.58,11577.33,0.0022464571501968184
USQACJ4T0SEK,United States,North America,Utility,BBB-,USD,2025-10-11,2031-03-11,5.4191,8.2131,8.0221,4.0643,99.8815,7037.97,7029.63,0.0013640245701502904
CAKBP2QD6VAS,Canada,North America,Communications,BB+,USD,2022-09-05,2051-04-23,28.6507,8.934,8.5339,21.488,108.7457,3755.21,4083.63,0.0007923847564385082
SWIFPWIOXD9C,Switzerland,Europe,Communications,BB-,USD,2023-11-17,2052-03-03,28.315,8.9394,8.6629,21.2362,105.2226,4715.63,4961.9,0.000962803663155632
INSS9TOQW9JA,India,Asia,Technology,AA+,EUR,2025-02-24,2054-07-13,29.4017,5.988,3.9846,22.0513,145.1406,5920.79,8593.47,0.0016674710081255224
US2M0W10LBT3,United States,North America,Energy,AA-,EUR,2021-09-22,2029-10-04,8.0389,6.7872,5.1538,6.0292,108.7019,1512.63,1644.26,0.00031905107946155294
FRG2QZW3C1QK,France,Europe,Communications,A,USD,2023-04-10,2049-07-07,26.2603,6.5826,6.1607,19.6952,109.9235,8845.9,9723.72,0.001886783940728286
ITBHB7S9TJ1G,Italy,Europe,Energy,AA,GBP,2023-07-31,2046-11-27,23.344,5.5167,4.7268,17.508,113.4381,4068.89,4615.67,0.0008956214320960835
MEM25LEN606N,Mexico,North America,Government,A+,USD,2024-05-16,2036-08-16,12.2609,5.5616,4.4902,9.1957,112.0645,5684.03,6369.77,0.0012359857896085877
NE9RR7S20CV3,Netherlands,Europe,Corporate,BB+,EUR,2024-01-06,2044-09-16,20.71,9.0588,9.056,15.5325,101.6636,5652.45,5746.49,0.0011150449671067954
UATLCXLVPYMB,UAE,Middle East,Energy,BB,USD,2026-04-15,2037-10-31,11.5549,7.8634,9.0448,8.6662,89.6118,4246.47,3805.34,0.0007383855562491492
FR5M9J98CWN2,France,Europe,Utility,BB+,USD,2024-08-16,2049-08-19,25.027,7.4302,7.6829,18.7703,95.6491,9306.83,8901.9,0.0017273185531842886
USY8FV2BC2NN,United States,North America,Industrial,A,USD,2023-09-06,2030-05-01,6.6573,4.5804,5.5647,4.993,96.0565,5622.03,5400.33,0.0010478763187991
CAUVY8N1UTOX,Canada,North America,Corporate,AA+,USD,2022-07-28,2036-02-21,13.5794,2.6326,3.6913,10.1845,89.2814,8664.45,7735.74,0.0015010376688807815
CHIE0RNUJJQ9,China,Asia,Technology,BBB+,EUR,2023-09-18,2030-11-23,7.1864,7.5427,6.9902,5.3898,103.2017,912.42,941.63,0.00018271323753748318
SWK6RE4Q6QDY,Switzerland,Europe,Energy,A,USD,2023-06-12,2042-01-18,18.6191,7.1817,6.6821,13.9643,105.6807,4404.77,4654.99,0.0009032510578513948
IN4LMCT64Z7W,Indonesia,Asia,Communications,AAA,USD,2026-03-08,2050-01-07,23.8547,4.3039,3.8463,17.891,109.2147,7783.23,8500.44,0.0016494195309124855
ME2SEHE2ATN2,Mexico,North America,Corporate,A+,USD,2022-11-24,2045-07-06,22.6325,8.2529,5.7849,16.9743,140.0014,2195.24,3073.36,0.0005963526605123025
METWDL9ZS13C,Mexico,North America,Utility,A-,USD,2024-09-14,2033-03-11,8.4945,6.39,6.2265,6.3709,100.6073,6171.95,6209.43,0.0012048735262920407
RU9XQYM52XG8,Russia,Europe,Energy,BB-,EUR,2023-08-02,2044-12-15,21.3882,10.1972,9.1546,16.0412,116.2048,6230.58,7240.24,0.0014048911896906292
MEP6BEFFLZM7,Mexico,North America,Industrial,AA-,USD,2026-02-13,2053-02-19,27.0373,3.7383,4.4496,20.278,84.9897,5431.07,4615.85,0.0008956563591722777
US64JWTEKTSG,United States,North America,Utility,BB+,EUR,2021-07-26,2031-02-25,9.5921,8.8639,8.4012,7.1941,105.446,3581.17,3776.2,0.0007327312506919321
CA7FXZV4U3BB,Canada,North America,Corporate,A-,USD,2025-05-08,2037-07-03,12.1624,4.8955,5.5244,9.1218,93.438,9635.82,9003.53,0.0017470387684821599
POXUX1OXRWK8,Poland,Europe,Technology,BBB-,USD,2023-10-28,2038-06-03,14.6104,8.0607,8.0807,10.9578,100.1642,4134.0,4140.79,0.0008034760435232895
MER2YKCCPRHV,Mexico,North America,Communications,A,AUD,2025-04-28,2053-04-04,27.956,5.2314,6.3866,20.967,75.5427,7985.07,6032.14,0.0011704722966338732
HOLZ049ENULQ,Hong Kong,Asia,Communications,BB,EUR,2021-09-22,2043-07-22,21.8449,8.511,8.8018,16.3836,94.8277,3745.91,3552.16,0.0006892586831888812
CAJIDKNWI5FL,Canada,North America,Financial,BBB,USD,2023-01-09,2033-07-27,10.5547,7.5004,7.5967,7.916,99.6032,5882.47,5859.12,0.0011368996148387568
MEUL1RSRLA8S,Mexico,North America,Government,BBB-,USD,2023-01-31,2042-08-26,19.5826,9.2695,8.701,14.687,108.9483,3394.45,3698.2,0.000717596184341111
US8HMBR5XQT4,United States,North America,Financial,AA+,USD,2022-12-14,2031-03-17,8.2612,4.1958,4.0253,6.1959,100.8312,8689.14,8761.36,0.0017000482682491041
SAP501NOUHTC,Saudi Arabia,Middle East,Energy,A,GBP,2024-12-30,2035-11-18,10.8909,5.0337,6.0988,8.1682,90.9948,3991.58,3632.13,0.0007047760069847168
CAS1K9YE9O2M,Canada,North America,Utility,BBB,USD,2023-06-26,2027-09-20,4.239,7.9513,7.4648,3.1793,101.6112,4675.36,4750.69,0.0009218206200279791
CA71HSSBELRQ,Canada,North America,Communications,BB-,USD,2024-07-03,2043-05-13,18.8715,8.2988,8.5123,14.1536,98.4697,1052.56,1036.45,0.00020111204511934037
ZAVSLWF90KM3,South Africa,Africa,Technology,BBB+,USD,2023-03-31,2037-04-14,14.0494,6.0547,6.6151,10.5371,95.0317,6515.3,6191.6,0.0012014138053556929
USTZK3NY9V20,United States,North America,Technology,BB,USD,2025-12-24,2045-06-08,19.4691,10.2313,9.7607,14.6018,107.6018,8024.89,8634.92,0.0016755139376157986
GBYAR821UZVG,United Kingdom,Europe,Technology,BB+,USD,2021-06-27,2046-08-22,25.1711,8.6073,8.7091,18.8783,97.5107,4476.52,4365.08,0.0008469971208543877
HOWW4FYB8DAL,Hong Kong,Asia,Corporate,A-,USD,2026-02-21,2043-02-12,16.9887,7.2405,6.3053,12.7415,111.4226,6478.34,7218.33,0.001400639788360546
USFYO1750CEH,United States,North America,Industrial,AA-,USD,2025-03-28,2034-09-03,9.4438,5.4398,5.5983,7.0829,98.8499,1925.46,1903.32,0.00036931890367749806
CALXSLG6MM1Z,Canada,North America,Communications,AA,USD,2022-05-12,2035-05-25,13.0453,4.528,4.0334,9.784,104.7225,1764.88,1848.22,0.0003586273375758283
USXYVGIUI9KK,United States,North America,Government,AAA,GBP,2023-04-02,2027-05-21,4.1397,4.3772,3.4558,3.1048,104.2711,9003.62,9388.17,0.001821674049522927
GEHZLM72JEYN,Germany,Europe,Utility,A-,USD,2022-05-18,2028-07-29,6.2047,7.0771,7.1072,4.6535,100.1191,954.39,955.53,0.0001854103839769244
ME9382KKZMPJ,Mexico,North America,Financial,AAA,USD,2024-07-02,2028-06-29,3.9952,2.9624,3.505,2.9964,97.605,9920.09,9682.51,0.0018787875806729358
NIRHT7ZEWVIY,Nigeria,Africa,Technology,AA,USD,2022-10-20,2029-09-02,6.8751,4.6193,3.3641,5.1563,106.6606,1152.77,1229.55,0.00023858103630323212
GETWBOZD1AT7,Germany,Europe,Technology,BBB+,EUR,2023-09-08,2043-03-01,19.4906,5.6888,6.5693,14.6179,88.0917,3561.05,3136.99,0.000608699381946953
MEO75RH8LX6D,Mexico,North America,Communications,AA+,EUR,2025-05-11,2043-08-27,18.3078,6.3372,3.9736,13.7309,132.8761,1988.07,2641.66,0.0005125858894398732
USUT076G5G79,United States,North America,Communications,AA+,USD,2024-01-02,2036-05-31,12.4207,3.9249,5.0281,9.3155,89.5018,8925.79,7988.74,0.0015501296148648551
GBOR7875AUD9,United Kingdom,Europe,Corporate,A-,JPY,2023-09-27,2032-12-19,9.2361,7.1992,6.3616,6.9271,104.9882,4875.13,5118.31,0.0009931533519752724
INK9TR74QGEF,Indonesia,Asia,Energy,A-,USD,2025-08-14,2029-02-14,3.508,6.6934,6.6631,2.631,99.9854,7396.81,7395.73,0.0014350623623430546
CHQJG02U1G46,China,Asia,Technology,AA,USD,2025-07-23,2037-02-19,11.5867,6.7575,4.4571,8.6901,121.0661,5329.43,6452.13,0.0012519668673605573
ME3SDYGFLIJI,Mexico,North America,Technology,BB-,USD,2022-09-30,2040-11-22,18.1608,9.6669,9.1888,13.6206,106.2614,2843.45,3021.49,0.0005862878413890063
GE18K0AXYCEL,Germany,Europe,Utility,BBB+,USD,2022-03-04,2048-10-14,26.6349,8.0901,6.9902,19.9761,121.1138,8243.62,9984.16,0.0019373195391950535
FROS6ZLE6KWH,France,Europe,Government,BB-,USD,2025-09-05,2042-05-05,16.6765,9.7558,9.1076,12.5073,107.9873,3605.85,3893.86,0.0007555619161642092
MEEF0VOTQTXH,Mexico,North America,Energy,BBB+,USD,2021-10-23,2027-04-19,5.492,8.9367,7.2098,4.119,106.7137,8918.86,9517.65,0.00184679825966529
SPI15CQZCUCT,Spain,Europe,Energy,A+,USD,2025-10-07,2032-10-02,6.9944,5.9998,4.7372,5.2458,106.0714,6602.09,7002.93,0.001358843720514817
CASUFLSEHUDS,Canada,North America,Technology,AA-,USD,2025-11-16,2044-10-04,18.8977,7.8852,6.2791,14.1732,124.3264,717.86,892.49,0.00017317814573646588
ME3QSQCQ30O3,Mexico,North America,Energy,AA,USD,2024-11-01,2036-03-08,11.3587,5.8473,4.5408,8.519,110.2261,7487.3,8252.96,0.0016013986819317005
ME0UBMC97C7B,Mexico,North America,Utility,AAA,USD,2023-08-30,2046-03-30,22.5986,2.4413,3.3485,16.9489,85.6818,2148.06,1840.5,0.0003571293540857214
ITO119XP9N56,Italy,Europe,Communications,BB+,EUR,2025-12-24,2055-09-17,29.7515,7.162,9.0993,22.3137,55.517,3941.24,2188.06,0.00042456965743048274
USNYXTXMGTT0,United States,North America,Financial,AAA,USD,2024-05-17,2042-10-13,18.4214,1.7784,3.6743,13.8161,73.9755,9436.45,6980.67,0.0013545244054254672
CAIAAKYTT3IM,Canada,North America,Corporate,AA,USD,2026-03-09,2041-02-06,14.9285,4.7441,4.8469,11.1964,99.7578,973.5,971.14,0.0001884393376402105
COJ70E3P15AH,Colombia,Latin America,Government,BBB+,EUR,2023-01-07,2046-06-08,23.4344,7.2497,7.714,17.5758,91.4931,4288.94,3924.09,0.0007614277245717134
SADBVZB0OIH5,Saudi Arabia,Middle East,Utility,A+,USD,2025-03-09,2028-10-12,3.5975,5.2505,5.9432,2.6981,98.0646,4574.43,4485.89,0.0008704390101600634
INCSK30LVYLK,India,Asia,Utility,BBB,USD,2024-09-08,2027-08-17,2.9412,8.6757,7.6226,2.2059,104.3562,3786.24,3951.18,0.0007666842495389408
MEFXHKC856WP,Mexico,North America,Technology,A,JPY,2021-06-08,2024-01-17,2.6111,5.6065,5.4684,1.9583,100.012,8364.75,8365.75,0.0016232843759536124
INR97Y2LOFN1,India,Asia,Government,A+,AUD,2023-02-27,2032-05-01,9.1828,5.1256,5.9634,6.8871,94.8411,3713.5,3521.92,0.0006833909343882553
USR4KZ36U8UE,United States,North America,Communications,BB,USD,2023-01-11,2028-03-21,5.1947,10.3257,8.6963,3.896,106.6118,5678.5,6053.95,0.0011747042940327371
ZAIHX74D0GJY,South Africa,Africa,Corporate,BB,EUR,2021-11-17,2025-10-08,3.8947,10.8785,8.7048,2.921,107.2899,2648.4,2841.46,0.0005513549440154381
AUV5G10UR5L8,Australia,Asia,Industrial,A+,CAD,2023-05-03,2049-02-11,25.7993,6.0554,6.3163,19.3495,95.896,1563.39,1499.23,0.0002909095580146352
MEA78E9RIVH6,Mexico,North America,Communications,AA,EUR,2025-04-01,2032-11-17,7.6382,4.2838,4.1554,5.7286,101.8017,7705.04,7843.86,0.0015220171993147657
CHT1NTMJSRD9,China,Asia,Communications,BBB+,JPY,2024-08-31,2051-04-11,26.6283,8.1712,7.7913,19.9712,109.415,1394.44,1525.73,0.00029605159978767057
USQ46NOUHFJ7,United States,North America,Corporate,AA-,EUR,2021-05-08,2033-10-03,12.4141,5.5831,6.0095,9.3106,97.1788,7868.31,7646.33,0.0014836886139778722
KUUPFLN4RXYJ,Kuwait,Middle East,Corporate,BBB+,USD,2025-11-14,2050-01-19,24.1999,5.4044,6.5283,18.1499,78.4595,9021.1,7077.91,0.0013733927881428242
IT38XRG2GZR7,Italy,Europe,Energy,BB,USD,2023-12-02,2043-01-30,19.1772,9.0022,9.2678,14.3829,96.6641,9843.45,9515.08,0.0018462995786329615
USTXCB48Y1O4,United States,North America,Technology,BBB+,JPY,2021-10-27,2042-02-15,20.3202,6.8738,7.5017,15.2401,90.7706,3536.83,3210.41,0.0006229457482479439
ZAIZASNWYWRR,South Africa,Africa,Technology,A+,EUR,2022-10-21,2042-07-24,19.7708,4.3668,5.2288,14.8281,87.5829,7025.18,6152.86,0.0011938967224014514
USATATJ9A3Y3,United States,North America,Utility,AA+,USD,2025-09-12,2038-04-20,12.6128,3.8738,4.1692,9.4596,97.3741,7247.31,7057.0,0.001369335426124931
ME6DDFGS3JON,Mexico,North America,Corporate,BB,USD,2022-11-24,2034-11-27,12.0184,9.793,9.6588,9.0138,101.3223,5491.63,5564.25,0.0010796832428532873
CAOU9IY4X41D,Canada,North America,Energy,AAA,USD,2026-03-17,2032-03-05,5.9752,3.7166,3.108,4.4814,101.5854,5983.87,6078.74,0.0011795145285819276
GBNTCAGRP2U4,United Kingdom,Europe,Government,AA-,EUR,2024-12-30,2029-12-20,4.9776,5.5428,6.0074,3.7332,98.4666,2161.37,2128.23,0.0004129602853821542
KRDTBH55RBC7,South Korea,Asia,Government,BBB+,USD,2021-12-06,2026-01-31,4.1582,9.0021,7.0632,3.1186,105.0465,815.3,856.44,0.0001661830285320159
CA6UB7L8V1ZO,Canada,North America,Utility,AA-,JPY,2021-06-04,2044-11-09,23.4498,3.449,4.6611,17.5874,79.5168,9118.35,7250.62,0.0014069053177511617
SWCFI4O6L1F9,Switzerland,Europe,Financial,BB+,USD,2025-12-06,2038-07-19,12.6261,9.671,8.5704,9.4696,110.6751,1551.85,1717.51,0.0003332644590794715
PO0S9BP4M18O,Poland,Europe,Communications,BBB+,USD,2024-07-04,2053-07-17,29.0548,6.5331,6.9683,21.7911,91.2666,9152.32,8353.01,0.0016208123151163116
JA1BJ9RM7PYX,Japan,Asia,Utility,AA-,AUD,2023-04-26,2042-09-13,19.3976,4.9176,5.4443,14.5482,92.996,1569.51,1459.59,0.000283217839679423
ITDW2ZCFZW0L,Italy,Europe,Communications,AAA,USD,2022-06-27,2024-10-30,2.3473,4.1367,3.3068,1.7605,100.9083,1205.29,1216.24,0.00023599837305798304
CADALMJEGQTO,Canada,North America,Energy,BBB,USD,2021-05-23,2048-08-26,27.2811,8.1158,7.3214,20.4608,116.8129,8462.45,9885.23,0.0019181232300400954
MEAMDVLNKND6,Mexico,North America,Financial,AA+,USD,2022-09-07,2043-02-12,20.4471,5.474,5.1264,15.3353,106.493,1591.86,1695.22,0.0003289393228107561
US69UGNEKRCP,United States,North America,Government,AA-,JPY,2025-01-02,2028-10-24,3.8112,8.0142,5.3266,2.8584,105.8721,4628.66,4900.46,0.0009508818878146777
JAPRCJIWVHDK,Japan,Asia,Financial,BBB-,USD,2024-11-10,2031-08-19,6.7763,8.8778,7.656,5.0822,107.959,7175.02,7746.08,0.0015030440353688262
ME8LW2LM349E,Mexico,North America,Utility,BB,USD,2024-09-25,2048-09-29,24.029,9.3555,9.2121,18.0218,104.0623,5309.53,5525.22,0.001072109888498511
NEL8HL88KZRU,Netherlands,Europe,Energy,BBB,USD,2025-08-08,2028-09-17,3.1134,7.5854,7.8056,2.3351,97.418,2362.93,2301.92,0.0004466629735164378
ITIN3OEUVTYT,Italy,Europe,Communications,AAA,USD,2022-09-09,2024-11-03,2.1542,4.033,3.2575,1.6156,98.8685,2575.84,2546.7,0.0004941599163543095
CA8QZPKY32OR,Canada,North America,Energy,BBB,USD,2024-10-21,2029-03-29,4.4386,6.9116,6.7794,3.3289,101.7705,8858.7,9015.54,0.001749369180621562
SWWIXZ2C9ROS,Switzerland,Europe,Industrial,BB+,USD,2025-12-21,2040-07-30,14.6167,6.6321,8.1458,10.9625,81.6027,9122.3,7444.05,0.0014444383419080762
GE7YT2M6TWD1,Germany,Europe,Industrial,BBB-,AUD,2024-11-23,2049-11-14,24.9936,8.0186,7.2079,18.7452,115.7319,885.31,1024.58,0.00019880879848364487
CHXMXB9YO18P,Chile,Latin America,Corporate,AA-,USD,2024-09-10,2039-06-16,14.7746,4.2781,5.0967,11.081,91.8487,4340.28,3986.49,0.0007735357776523702
USAJSSUUQO1V,United States,North America,Technology,AA+,EUR,2025-02-01,2046-01-28,21.0028,4.2893,4.057,15.7521,104.5737,5270.46,5511.52,0.0010694515499215078
USSMADO8E7FL,United States,North America,Government,A-,JPY,2024-06-29,2046-10-01,22.2712,8.2916,6.605,16.7034,128.7314,5558.68,7155.77,0.0013885006889899389
SWQHRRPZLK3E,Switzerland,Europe,Industrial,BBB-,CAD,2023-03-03,2047-10-10,24.6246,9.7245,8.4588,18.4685,122.5095,6696.77,8204.18,0.0015919334442830717
IN4XYF9IGFU8,India,Asia,Financial,AA+,USD,2026-02-13,2030-04-16,4.1732,3.8297,4.5003,3.1299,99.2935,8313.01,8254.28,0.0016016548138237917
CHIOGXPBWHVN,China,Asia,Government,A-,USD,2023-03-12,2041-06-25,18.3016,7.4075,6.375,13.7262,115.2996,4058.25,4679.15,0.0009079390476339055
USZH13CD5GLQ,United States,North America,Technology,AA-,USD,2024-10-15,2048-02-08,23.3334,7.0508,5.6552,17.5,123.8624,4391.47,5439.38,0.0010554535539401202
CAJ5SXVWVM4W,Canada,North America,Communications,A+,USD,2022-04-24,2047-11-11,25.5683,5.369,5.3954,19.1762,99.7738,7038.61,7022.68,0.0013626759969305698
US3ZKWDEEKGY,United States,North America,Energy,BBB+,AUD,2024-10-17,2041-09-04,16.8936,6.6722,6.7818,12.6702,98.5229,2020.24,1990.4,0.00038621584698300454
MESPENGWYX9T,Mexico,North America,Industrial,A+,USD,2025-12-23,2053-02-27,27.2023,3.9112,5.315,20.4017,69.9077,5003.06,3497.53,0.0006786583155639408
FRRFLQBMAE38,France,Europe,Utility,BBB,AUD,2025-02-20,2035-03-17,10.0754,7.8881,7.4908,7.5565,101.7337,2845.62,2894.96,0.0005617360472176039
SISRYO4RCB1K,Singapore,Asia,Corporate,AA+,USD,2022-02-26,2029-08-07,7.4495,6.095,4.0617,5.5871,111.4456,2732.85,3045.64,0.0005909738907783952
KRJTGQ01TEE1,South Korea,Asia,Financial,AAA,USD,2024-12-30,2030-11-21,5.8975,3.3043,3.6622,4.4231,99.048,7478.49,7407.29,0.0014373054567919713
CA3N3BZT9D31,Canada,North America,Government,BBB+,EUR,2024-11-23,2032-07-11,7.6367,6.6428,6.673,5.7276,99.2596,5658.73,5616.84,0.00108988777028136
MEK9QM3P91I3,Mexico,North America,Industrial,AA+,EUR,2023-02-18,2040-01-21,16.9348,3.7364,3.6607,12.7011,100.5995,827.38,832.34,0.00016150668110823652
QAVMZWFFHHCM,Qatar,Middle East,Financial,BBB-,AUD,2023-12-15,2039-06-24,15.5354,7.0591,8.9839,11.6516,77.4943,5168.47,4005.27,0.0007771798359352987
TUKTLZKJ49YD,Turkey,Europe,Technology,BB+,USD,2021-06-14,2037-03-23,15.7851,9.0751,8.7682,11.8388,101.4342,6220.11,6309.32,0.001224256113186701
SW82795E5IZ3,Switzerland,Europe,Industrial,AA,USD,2026-01-01,2031-01-21,5.0594,2.6206,3.6438,3.7945,95.3229,3463.04,3301.07,0.0006405373522910907
US1YRUJOQW5D,United States,North America,Industrial,BB-,CAD,2025-01-02,2027-07-16,2.5353,10.619,9.5395,1.9014,103.4786,8288.08,8576.39,0.0016641568166733168
MESK7N8LA100,Mexico,North America,Communications,BBB,EUR,2022-07-03,2052-03-20,29.7353,9.1072,8.1541,22.3015,121.7692,3298.88,4017.02,0.0007794597978535313
USQXMCTHPHJ3,United States,North America,Utility,BBB,EUR,2025-12-07,2029-11-11,3.9328,8.6545,7.9002,2.9496,103.4138,8536.25,8827.66,0.001712913074647302
TUMUURMYBD2Q,Turkey,Europe,Technology,BBB,EUR,2022-10-21,2032-08-24,9.8494,7.179,7.8542,7.387,94.8679,3813.8,3618.07,0.0007020478142553252
USE4PA8HYEXF,United States,North America,Industrial,AA+,USD,2025-05-04,2030-02-28,4.8264,3.5489,3.7684,3.6198,100.6607,7217.32,7265.01,0.001409697543453576
CA7JXJN6FOKZ,Canada,North America,Corporate,BB-,EUR,2022-09-21,2030-08-17,7.9111,10.3745,9.5015,5.9334,104.5494,9327.67,9752.02,0.0018922752532632636
NEIXZAREIYAZ,Netherlands,Europe,Industrial,A-,USD,2022-11-17,2031-03-15,8.3288,4.9139,6.2968,6.2466,90.6601,7338.02,6652.65,0.0012908756302408987
AU39PECN0DL5,Australia,Asia,Corporate,AA-,EUR,2025-11-18,2029-11-20,4.0097,2.7683,5.2918,3.0073,94.2118,2729.21,2571.24,0.0004989216410754524
MEE11E9FTAXP,Mexico,North America,Energy,AA-,USD,2022-03-29,2045-12-07,23.7097,4.1142,4.4385,17.7823,93.2703,4323.24,4032.3,0.0007824247185437948
US0WFOY4DD1V,United States,North America,Corporate,BB-,USD,2025-07-07,2035-03-29,9.7327,10.1577,9.9679,7.2996,102.2864,4936.2,5049.06,0.0009797161296061139
USN8LFJDTVV2,United States,North America,Communications,BB-,CAD,2021-10-27,2046-12-14,25.148,9.3761,9.8643,18.861,91.8195,8972.79,8238.77,0.0015986452640917245
GEY4XKSS0KB6,Germany,Europe,Energy,BBB+,AUD,2021-08-09,2026-02-06,4.5001,6.7465,6.6681,3.3751,99.7096,9336.62,9309.51,0.0018064109172260603
CH8RERVT997E,China,Asia,Corporate,A-,USD,2023-03-29,2049-09-25,26.5143,6.7416,6.5443,19.8857,103.3061,7927.33,8189.41,0.0015890674836420253
RU4UNY181ACJ,Russia,Europe,Government,A+,USD,2023-07-08,2036-04-15,12.7834,3.8981,5.342,9.5875,83.8608,2484.39,2083.43,0.0004042673241960415
USBC2SWSOZCT,United States,North America,Utility,A-,EUR,2025-03-26,2038-11-19,13.6621,6.6892,7.3108,10.2466,94.5642,7439.72,7035.31,0.0013651267134435299
ITWJLSH3TOW4,Italy,Europe,Industrial,A-,EUR,2021-07-10,2031-10-13,10.2684,6.4756,6.3373,7.7013,100.7252,4947.46,4983.34,0.000966963866008986
SPYCZ04CDPQV,Spain,Europe,Utility,BB+,USD,2025-12-30,2029-08-14,3.6266,10.0948,8.6149,2.7199,104.3236,2797.94,2918.92,0.0005663852291376767
CHL00EZZF8S2,Chile,Latin America,Energy,AAA,USD,2025-04-05,2038-10-31,13.582,3.9615,3.1825,10.1865,105.5252,6153.75,6493.76,0.0012600447239270276
MEZGE2J51B3J,Mexico,North America,Government,AA-,USD,2025-12-29,2039-02-12,13.1341,6.0759,5.3577,9.8506,107.513,1692.73,1819.9,0.0003531321442546071
MECZUCQMRUNJ,Mexico,North America,Technology,BBB,USD,2021-07-02,2030-12-06,9.4363,8.4907,7.5098,7.0772,106.1995,5420.63,5756.68,0.0011170222276980118
CADU0ISB5IQN,Canada,North America,Utility,BB+,EUR,2022-11-22,2040-03-26,17.3547,8.8306,8.5867,13.016,102.9521,4281.05,4407.43,0.0008552146857256349
MEF74T60PLOZ,Mexico,North America,Industrial,BBB,CAD,2022-12-15,2041-10-31,18.8922,8.0691,8.2449,14.1691,99.1698,1049.52,1040.81,0.0002019580565204888
SAJCNS6G298C,Saudi Arabia,Middle East,Technology,A+,USD,2022-08-11,2042-10-27,20.2268,4.2536,4.8699,15.1701,90.2745,6412.93,5789.24,0.0011233401477029185
HOQK4LTAHUKW,Hong Kong,Asia,Financial,BB+,AUD,2023-05-01,2040-01-30,16.7634,9.9217,8.3411,12.5726,118.8564,2969.1,3528.96,0.000684756971146073
CAQVR1H61IAO,Canada,North America,Communications,A,USD,2024-12-24,2051-11-20,26.924,7.6712,6.5573,20.193,122.4891,2687.38,3291.75,0.0006387289059014797
USIM458AX40D,United States,North America,Corporate,A,USD,2021-12-12,2030-09-18,8.773,7.0412,6.3865,6.5798,104.4921,7728.12,8075.27,0.0015669198365486571
GBTIRC9ZD76S,United Kingdom,Europe,Energy,A,USD,2022-11-15,2030-09-21,7.8572,5.9835,5.5807,5.8929,102.384,4222.65,4323.32,0.0008388940391773327
POZN9DDE3CUP,Poland,Europe,Communications,AA-,AUD,2021-08-08,2051-06-09,29.8549,5.1404,5.0925,22.3912,101.4058,2965.65,3007.34,0.0005835421851215178
GB8IJL2Z0LJC,United Kingdom,Europe,Technology,A-,USD,2022-06-13,2024-10-23,2.3648,6.1932,6.7744,1.7736,98.9959,9784.43,9686.18,0.001879499704948673
HOH2VFFQOT8H,Hong Kong,Asia,Corporate,BBB+,EUR,2021-11-09,2032-07-12,10.68,8.6785,7.286,8.01,112.329,2045.65,2297.86,0.00044587517390894636
NELJEFY3ZB4L,Netherlands,Europe,Industrial,A,EUR,2022-01-06,2047-05-22,25.3914,6.1018,6.3092,19.0436,96.6775,2609.72,2523.01,0.0004895631250485281
CADIMSYJ9BOQ,Canada,North America,Technology,BBB+,GBP,2023-02-03,2032-03-11,9.107,6.3456,6.3653,6.8302,99.3785,6793.12,6750.91,0.0013099419330566897
US0IQ2FA39E3,United States,North America,Energy,BBB+,AUD,2025-12-19,2054-09-06,28.7357,4.7247,6.3279,21.5518,65.6944,9533.82,6263.19,0.0012153050797153759
GENWXUJ3AC6P,Germany,Europe,Corporate,BB-,USD,2023-04-08,2041-01-17,17.7941,10.7014,9.5752,13.3456,114.7561,9071.25,10409.81,0.002019912372428733
PEE63LBQGU3O,Peru,Latin America,Utility,A-,USD,2026-01-12,2034-03-18,8.1839,5.8558,6.7207,6.1379,94.3265,7332.02,6916.03,0.0013419817042855048
SPBYGHGK5BWI,Spain,Europe,Financial,BB,EUR,2024-05-27,2034-04-22,9.9099,9.1484,8.2692,7.4324,106.3822,8535.57,9080.33,0.0017619409876583527
ITKOTCKEH5SW,Italy,Europe,Technology,BBB-,JPY,2023-03-21,2040-06-13,17.2462,7.7374,7.3738,12.9346,105.5903,2467.22,2605.15,0.0005055015141518158
CA2292MTR6SN,Canada,North America,Technology,AA,USD,2022-10-01,2036-03-15,13.4635,5.1891,4.2896,10.0977,109.8268,3849.72,4228.03,0.0008204040331187462
AUGLH62C9T19,Australia,Asia,Government,AAA,USD,2025-07-22,2035-06-16,9.9092,4.0826,3.4164,7.4319,106.6201,6109.1,6513.52,0.0012638789407359021
CA9DXJ37C9H4,Canada,North America,Industrial,BBB,AUD,2023-04-14,2031-08-11,8.3315,7.6873,8.7172,6.2486,92.8153,514.0,477.07,9.257033466649013e-05
NE2M44GV3Z6B,Netherlands,Europe,Financial,AA-,EUR,2022-07-30,2048-04-24,25.7559,5.6632,5.4269,19.3169,103.9944,3078.67,3201.64,0.0006212440234800374
MEZ8UUG95RLR,Mexico,North America,Technology,A,USD,2023-06-16,2031-08-16,8.1737,7.8268,6.3671,6.1303,107.2284,6779.64,7269.7,0.0014106075878277471
MEDIHSA7HEZ7,Mexico,North America,Corporate,BBB-,USD,2025-08-16,2035-02-24,9.5326,8.3895,8.2842,7.1494,99.1644,7287.03,7226.14,0.0014021552353887501
IN4LAV71448N,India,Asia,Government,AAA,EUR,2023-04-18,2030-02-08,6.8185,4.9784,3.8965,5.1139,106.5284,4886.3,5205.3,0.0010100328317426816
UA7ODKEF828X,UAE,Middle East,Technology,BB-,JPY,2024-03-25,2033-11-24,9.674,8.7071,9.8209,7.2555,92.6558,4635.58,4295.13,0.0008334240709666963
GEG8Y72IVGLY,Germany,Europe,Financial,BBB-,USD,2023-03-02,2047-03-01,24.0138,8.1714,8.5706,18.0103,93.111,8076.7,7520.3,0.0014592338394625649
FRE088O98BV7,France,Europe,Industrial,A-,USD,2023-11-07,2045-07-27,21.7364,6.8001,6.7503,16.3023,100.8185,7325.31,7385.27,0.0014330327111375472
HO8HU7F0I9G5,Hong Kong,Asia,Communications,AA,AUD,2021-12-30,2030-05-04,8.3484,3.0527,4.1698,6.2613,91.9932,8778.43,8075.56,0.0015669761079491922
SPDZX5QJICJD,Spain,Europe,Communications,A-,USD,2021-10-20,2049-12-20,28.1883,5.8951,6.5349,21.1412,85.4721,3853.11,3293.33,0.0006390354880147399
GEAN085RNTDR,Germany,Europe,Industrial,BBB,JPY,2023-11-21,2042-10-30,18.9541,6.2454,6.9491,14.2156,90.9291,4611.29,4193.0,0.0008136068360127301
SP5XYFC4KL8C,Spain,Europe,Financial,AA+,USD,2025-07-12,2038-03-14,12.6803,5.8403,4.6936,9.5103,109.7192,4474.17,4909.03,0.000952544804720146
INGN0T6DVWRB,Indonesia,Asia,Utility,BB-,USD,2025-05-01,2053-08-31,28.3556,8.4322,9.7605,21.2667,71.8286,9721.43,6982.76,0.0013549299475879445
CA7F6FDHGZZ0,Canada,North America,Government,A+,USD,2021-07-07,2039-10-20,18.3011,5.1383,5.1014,13.7258,100.8967,7531.53,7599.07,0.0014745183160837722
TUJKIBU4FMPK,Turkey,Europe,Corporate,A,AUD,2022-09-16,2041-08-06,18.9018,7.1103,7.227,14.1764,97.6235,7110.08,6941.11,0.0013468482102352304
GBXVHAGKC4LO,United Kingdom,Europe,Technology,AA+,USD,2023-02-24,2025-07-27,2.4231,3.2574,4.4057,1.8173,98.732,3472.62,3428.59,0.0006652812453815613
CARXDTG5NQJQ,Canada,North America,Industrial,AA-,CAD,2025-08-04,2030-07-21,4.9654,4.4729,5.769,3.724,95.6807,9421.04,9014.12,0.001749093644798252
CAIJC1YDMT8V,Canada,North America,Utility,AA+,USD,2022-04-15,2025-09-11,3.4137,3.766,4.0219,2.5603,99.0179,9597.02,9502.76,0.0018439090143067807
UST43PT5R5RC,United States,North America,Energy,BBB-,EUR,2023-01-23,2031-01-24,8.0107,6.3238,7.1882,6.008,94.6658,7609.65,7203.74,0.0013978087547956938
PE6ZS62YWE1G,Peru,Latin America,Technology,AA-,USD,2023-10-25,2046-01-20,22.2565,7.2562,5.8748,16.6924,121.7675,7283.5,8868.94,0.0017209230174545058
US983EP9P9W4,United States,North America,Industrial,A-,USD,2023-07-08,2051-01-07,27.5226,6.0611,6.8449,20.6419,83.131,3072.66,2554.33,0.0004956404363063193
MEJ66CNOLJQ5,Mexico,North America,Industrial,AA+,EUR,2025-05-31,2044-05-21,18.9885,4.4156,3.1406,14.2414,118.9258,4141.2,4924.95,0.000955633910570211
TU2WSPOFV177,Turkey,Europe,Energy,AA,EUR,2024-09-01,2047-06-15,22.8007,3.5701,4.3334,17.1005,86.9854,4025.57,3501.66,0.0006794596979232856
QAUDKTMONRVB,Qatar,Middle East,Government,A-,USD,2021-08-13,2033-12-03,12.3166,7.6524,6.2898,9.2374,112.9172,8419.61,9507.19,0.0018447686084597824
FRJFVYB6LI07,France,Europe,Utility,BB+,CAD,2026-02-23,2029-12-08,3.7922,8.4681,8.9472,2.8441,96.864,708.18,685.97,0.00013310514698298414
ME6A3KKRZD5E,Mexico,North America,Industrial,BB+,USD,2022-12-13,2050-11-21,27.9591,7.9829,8.9895,20.9693,78.8654,9278.26,7317.33,0.0014198496802673576
US9P3JPXGH30,United States,North America,Industrial,AAA,USD,2025-01-27,2045-08-28,20.5981,4.232,3.4231,15.4486,113.0427,4738.91,5357.0,0.0010394685954019068
JA153SFLSE45,Japan,Asia,Utility,BB,USD,2022-01-19,2038-06-17,16.4202,8.5621,9.4287,12.3151,88.8347,8188.58,7274.3,0.0014115001686638212
INBG34IQ7ZJ3,India,Asia,Corporate,AAA,USD,2026-01-20,2054-05-21,28.3514,4.4226,3.7847,21.2635,113.2772,1237.59,1401.9,0.0002720237117591811
CHSWEBNVG5VM,China,Asia,Energy,BBB,JPY,2025-01-17,2045-12-26,20.9543,5.171,7.2451,15.7158,67.1915,3311.46,2225.02,0.00043174135040902566
SWF60YKNFU84,Switzerland,Europe,Industrial,AA-,USD,2022-06-02,2027-09-15,5.2914,5.6009,4.9813,3.9686,102.8695,5552.95,5712.29,0.0011084088226298969
INXYJOA21A6X,India,Asia,Energy,A,USD,2025-09-04,2028-03-17,2.5356,6.635,6.2863,1.9017,100.9766,6030.37,6089.26,0.0011815558221461666
CAVAJ2K8XPNM,Canada,North America,Utility,BB+,USD,2024-03-30,2027-11-10,3.6165,7.1926,8.0593,2.7124,96.4234,7619.21,7346.7,0.0014255486148663783
POJQY3ODSX4N,Poland,Europe,Technology,AAA,USD,2025-06-01,2042-07-20,17.1453,3.7271,4.2449,12.859,92.7243,5693.51,5279.27,0.001024385919665377
GEXVKDC9X5JZ,Germany,Europe,Industrial,BB-,USD,2022-09-29,2028-09-26,5.9996,7.9518,8.9691,4.4997,95.4547,7765.61,7412.64,0.0014383435671121879
RU6KF1622VXY,Russia,Europe,Government,A-,USD,2024-11-14,2027-05-18,2.5075,7.5733,6.7094,1.8806,102.562,2608.05,2674.87,0.0005190299349977036
POZX9JPNBZUG,Poland,Europe,Energy,BB,EUR,2023-04-06,2046-04-26,23.0739,9.2498,8.8883,17.3054,106.5932,5108.4,5445.21,0.001056584803130188
US0IT26YS445,United States,North America,Technology,BB-,USD,2025-02-22,2051-01-24,25.9393,9.3266,9.337,19.4545,101.5536,647.33,657.39,0.0001275595034405935
CAGDEJ31GYMD,Canada,North America,Communications,BBB+,JPY,2025-10-24,2038-09-15,12.9033,7.1269,6.4632,9.6775,106.8862,5683.06,6074.41,0.001178674338360145
EGM0L2LJK4Q5,Egypt,Africa,Corporate,BB-,GBP,2025-09-18,2039-11-04,14.1372,9.1814,8.5617,10.6029,105.9354,4039.07,4278.8,0.0008302554089986334
CAV7C6S5NKB4,Canada,North America,Utility,BB+,USD,2022-03-16,2025-06-21,3.2689,8.5567,7.9052,2.4517,100.4597,5097.9,5121.33,0.000993739350698086
CAEHOU6QLZ2R,Canada,North America,Industrial,BBB+,USD,2023-02-22,2027-01-01,3.861,5.5084,7.7177,2.8957,91.4368,6936.0,6342.06,0.0012306089602678023
SIWGWAJ1G1R1,Singapore,Asia,Industrial,AA,EUR,2024-09-21,2047-06-28,22.7831,3.4208,4.6523,17.0873,80.265,4212.17,3380.9,0.0006560275105832195
MEDWWO8NBHNA,Mexico,North America,Technology,AA,USD,2024-12-23,2048-08-22,23.6805,6.5422,5.4323,17.7604,119.6203,7305.77,8739.19,0.0016957464166978515
MEL3GYWIYMEN,Mexico,North America,Government,BBB+,USD,2024-04-23,2050-05-31,26.1224,6.4071,6.3914,19.5918,101.2083,2285.24,2312.86,0.00044878576359179656
CAVG3KK0VM59,Canada,North America,Corporate,BB,USD,2022-08-24,2037-04-03,14.6217,9.5256,8.6711,10.9663,108.279,9421.15,10201.13,0.0019794202487609207
GEM6MG87OI0E,Germany,Europe,Energy,BB-,GBP,2021-10-24,2036-10-08,14.9672,10.4083,9.9451,11.2254,103.8325,3014.03,3129.55,0.0006072557294642594
IT0VGNXB5JTB,Italy,Europe,Communications,A-,AUD,2025-05-22,2049-05-26,24.0278,4.0331,5.9957,18.0209,64.9814,870.3,565.54,0.0001097369926159407
NE9XXAYPNTRF,Netherlands,Europe,Government,BBB+,USD,2021-06-01,2037-10-20,16.3976,6.5527,6.2176,12.2982,104.4368,2865.58,2992.72,0.0005807053303772997
NEZWKXXJVE3D,Netherlands,Europe,Communications,BB+,AUD,2024-02-18,2035-04-09,11.1459,9.8431,8.8012,8.3594,108.6961,5926.04,6441.38,0.0012498809447545145
USZEEDHHJSHZ,United States,North America,Government,AA,USD,2024-12-14,2037-01-13,12.092,4.2139,4.4047,9.069,98.2326,1262.11,1239.8,0.00024056993925317976
CAKBRH7LAY64,Canada,North America,Energy,BBB+,EUR,2021-08-12,2044-12-09,23.3445,8.2844,7.1934,17.5084,121.1135,8712.12,10551.55,0.0020474155045385454
POYFDS0DJI9K,Poland,Europe,Utility,BB-,EUR,2022-04-14,2044-10-16,22.5241,9.1934,10.0119,16.8931,87.7066,2674.32,2345.55,0.00045512890870728814
TUQDGBK2L0D1,Turkey,Europe,Financial,AA+,USD,2022-08-27,2039-06-01,16.775,1.3836,2.7414,12.5812,84.0582,4881.09,4102.95,0.0007961335959500192
QAB4XGMPW5D3,Qatar,Middle East,Communications,BB+,GBP,2024-06-02,2036-07-23,12.1481,9.049,8.4908,9.1111,104.9263,2089.89,2192.85,0.0004254991057358729
POGO8JN42X2E,Poland,Europe,Financial,BBB,EUR,2024-01-15,2033-09-27,9.7081,9.8005,8.1154,7.2811,112.8316,4824.13,5443.15,0.0010561850821470765
FRZC7FOV2YGN,France,Europe,Utility,AA+,EUR,2023-05-26,2042-06-16,19.0715,1.5669,3.5601,14.3036,69.4394,7014.16,4870.58,0.00094508399316644
PEMBY49E7EOB,Peru,Latin America,Communications,BBB-,USD,2024-02-12,2030-05-31,6.3033,9.2632,8.2223,4.7275,105.0924,1401.63,1473.01,0.000285821847249013
ITJLZY1UU9YM,Italy,Europe,Communications,BB-,USD,2024-07-26,2028-12-06,4.3678,7.9616,9.3498,3.2759,96.0889,7061.46,6785.28,0.0013166110642166603
TUSZDXIMYN4U,Turkey,Europe,Communications,BB+,EUR,2022-02-12,2032-02-18,10.0225,8.055,8.373,7.5169,98.2981,6228.88,6122.87,0.001188077483428873
SP9BXF445CRI,Spain,Europe,Energy,AA-,USD,2022-10-13,2036-12-17,14.191,4.8323,4.4893,10.6433,103.9598,9410.67,9783.31,0.001898346743341689
ME8BIXOIQ2Q4,Mexico,North America,Corporate,AA+,USD,2024-03-25,2030-12-07,6.7073,2.9041,3.1351,5.0305,97.1362,8083.79,7852.28,0.0015236510103234058
USQERXDOUADV,United States,North America,Energy,BBB+,USD,2023-05-20,2032-07-22,9.181,5.4143,6.7686,6.8857,89.6717,9766.05,8757.38,0.0016992759917865876
MEWKSHY8NBIQ,Mexico,North America,Corporate,A,JPY,2022-03-24,2028-07-23,6.3379,7.9261,6.4255,4.7534,107.0568,7915.28,8473.85,0.001644260025601353
MEUWRXZE1HM3,Mexico,North America,Utility,BB,USD,2022-11-03,2027-02-20,4.3036,8.3505,8.3913,3.2277,100.0577,7294.27,7298.48,0.0014161920392325757
CA8KSZBFFZZD,Canada,North America,Government,A,EUR,2022-07-02,2040-07-26,18.0801,5.0479,6.087,13.56,85.9267,4973.24,4273.34,0.0008291959543540758
NEVG7OQ2ZDO7,Netherlands,Europe,Financial,BB,USD,2023-06-20,2049-07-10,26.0743,9.1975,8.824,19.5557,106.5949,4453.38,4747.08,0.0009211201381109732
TU4V1QX8ERTB,Turkey,Europe,Industrial,BB-,AUD,2023-08-22,2030-07-19,6.9138,11.2746,9.5472,5.1853,108.6938,9717.24,10562.03,0.002049449036530297
IS74RS7GU0EN,Israel,Middle East,Communications,BB+,USD,2025-09-19,2043-09-09,17.9846,9.2339,9.0013,13.4884,102.9176,5162.27,5312.88,0.0010309075809480834
NEV5SN961J88,Netherlands,Europe,Communications,BB-,USD,2025-10-24,2043-06-12,17.6454,9.9543,9.1535,13.2341,111.8354,5945.62,6649.31,0.0012902275389381844
USQEOZ0KZ4Z7,United States,North America,Technology,BBB,USD,2021-11-19,2038-06-08,16.5621,6.2229,7.0615,12.4216,88.6968,506.21,448.99,8.712171078019453e-05
CHWHWKMY9X8S,Chile,Latin America,Government,AA-,USD,2023-10-08,2032-04-04,8.4976,3.3719,3.9565,6.3732,96.2431,9247.03,8899.62,0.0017268761435524954
CAYLEMRUYP04,Canada,North America,Communications,BBB+,CAD,2024-03-07,2048-03-02,24.0028,4.3069,6.5452,18.0021,57.5865,7725.47,4448.83,0.0008632479132503015
CAK43SAFYH1F,Canada,North America,Energy,AA+,USD,2026-04-14,2047-12-25,21.7143,5.1252,3.7369,16.2857,122.2251,789.41,964.85,0.00018721883036653533
MEKJ4YK1B3D5,Mexico,North America,Government,BBB+,USD,2023-01-09,2043-10-08,20.7609,7.6998,7.1915,15.5707,111.8403,977.31,1093.03,0.00021209078940305135
US050UI22KX7,United States,North America,Government,AA-,CAD,2023-05-25,2053-04-10,29.8992,4.553,4.9772,22.4244,89.9169,6279.04,5645.92,0.0010955304334798457
CAN89LTAJW25,Canada,North America,Utility,AAA,EUR,2023-11-26,2031-06-29,7.5956,3.1294,3.6648,5.6967,97.3088,7841.33,7630.3,0.0014805781638034664
US36ZX1TV18K,United States,North America,Industrial,A+,GBP,2025-05-20,2053-04-30,27.9659,6.8449,5.549,20.9745,126.4614,3778.3,4778.08,0.0009271353567888637
MEGYGGSNPUEV,Mexico,North America,Corporate,BBB+,CAD,2025-07-28,2034-12-31,9.4339,6.2771,7.3725,7.0754,92.7954,3308.72,3070.34,0.0005957666617894886
SPJLZFFLB7WX,Spain,Europe,Financial,AA-,EUR,2022-09-12,2032-06-16,9.769,2.6974,4.7199,7.3268,85.6524,3795.42,3250.87,0.0006307965788191519
GBRUM2LHGCSO,United Kingdom,Europe,Corporate,BB,USD,2024-02-21,2028-05-06,4.2103,9.1537,9.9739,3.1577,96.1587,8428.43,8104.67,0.0015726245923270434
UATDHHLMH1T9,UAE,Middle East,Utility,A,USD,2023-10-28,2028-05-27,4.5861,6.4327,5.4915,3.4396,102.5931,9175.71,9413.65,0.0018266181711975283
CA39AYQ6WW8Y,Canada,North America,Energy,BBB-,CAD,2022-07-13,2042-08-24,20.1305,7.8677,7.0025,15.0978,113.2293,8265.37,9358.83,0.0018159809361032717
INL68NTK63N2,Indonesia,Asia,Government,AA,USD,2022-09-29,2043-04-23,20.5787,5.3068,4.8635,15.434,108.1125,3303.19,3571.16,0.0006929454301204916
USQB6GS8G8TA,United States,North America,Energy,BBB,EUR,2025-11-29,2054-03-21,28.3262,8.3695,7.1464,21.2446,125.7251,1638.97,2060.59,0.00039983546630562163
GECY15PDTZ91,Germany,Europe,Utility,A,EUR,2023-12-01,2052-06-28,28.5972,7.3031,5.3158,21.4479,143.5342,3767.6,5407.79,0.0010493238520680377
ITX70FQLDB2U,Italy,Europe,Financial,AA+,USD,2023-12-07,2050-05-11,26.4445,4.7854,4.0529,19.8334,114.8165,4295.43,4931.86,0.000956974722217444
USUIJNWPAYTX,United States,North America,Communications,A-,USD,2022-11-13,2046-09-09,23.8397,5.755,6.3955,17.8798,88.7219,2649.61,2350.79,0.00045614567470316376
CHW1VZC7D2KD,Chile,Latin America,Government,BBB+,USD,2026-01-09,2046-06-15,20.4441,4.8375,6.5819,15.3331,73.8363,9414.0,6950.95,0.00134875755706718
AU1POXRTEO2T,Australia,Asia,Energy,BBB,USD,2021-08-11,2045-06-28,23.8974,7.1386,7.2846,17.9231,97.5117,4850.33,4729.63,0.0009177341521132574
ME8FY620N8TT,Mexico,North America,Government,AAA,USD,2022-05-08,2043-08-15,21.2854,3.7787,3.3492,15.964,107.2909,5034.83,5401.92,0.0010481848413054823
CAEAVT8K06MO,Canada,North America,Technology,AAA,USD,2024-07-09,2032-05-14,7.8537,4.3203,3.2797,5.8902,106.2624,2235.39,2375.38,0.00046091710138991624
MEXSFH4GG244,Mexico,North America,Energy,BB-,USD,2022-11-05,2037-09-09,14.8555,9.3844,9.9177,11.1416,94.2838,4497.23,4240.16,0.0008227577299756111
SP79QTKCD0RL,Spain,Europe,Corporate,AA-,USD,2024-04-03,2044-07-22,20.3165,5.4764,5.0295,15.2374,106.4666,4467.84,4756.75,0.0009229964982598506
MEEXDW6LQWLV,Mexico,North America,Technology,BB+,USD,2025-03-04,2046-07-27,21.4134,9.2998,8.5852,16.06,109.4267,4330.47,4738.7,0.0009194940886748208
INUNLPAIH0P4,Indonesia,Asia,Communications,BB-,USD,2023-05-19,2050-07-16,27.1793,8.572,9.3557,20.3845,85.7585,6752.52,5790.86,0.0011236544913886663
MEE05QMKTGV4,Mexico,North America,Energy,AA-,USD,2022-12-30,2025-10-22,2.8163,4.1334,4.5716,2.1123,98.5361,5423.62,5344.23,0.0010369907133852402
GB4FTJ5CCASB,United Kingdom,Europe,Energy,BBB+,USD,2025-10-08,2048-03-26,22.4816,6.9503,7.447,16.8612,91.5746,4106.36,3760.38,0.0007296615487730862
MEUOV6TT9Q1N,Mexico,North America,Energy,BBB-,USD,2024-04-24,2027-07-07,3.2055,6.5142,7.6804,2.4041,95.0804,8989.15,8546.92,0.0016584384781430774
NEI10KQSOSX4,Netherlands,Europe,Communications,BBB-,USD,2023-04-06,2028-04-08,5.0132,8.2171,7.9071,3.7599,101.109,5383.91,5443.61,0.0010562743402306837
CA3WFSQG8X80,Canada,North America,Communications,BBB+,USD,2021-09-25,2031-05-05,9.616,8.6119,7.6095,7.212,108.3141,3581.29,3879.04,0.0007526862535575532
MERMHRCNBH6N,Mexico,North America,Industrial,A,GBP,2022-12-27,2037-04-24,14.3361,6.199,6.6733,10.752,94.9733,6765.31,6425.23,0.0012467472098626456
GEQQB9LZS34J,Germany,Europe,Financial,BBB,USD,2025-12-23,2029-10-24,3.8394,6.6168,7.3318,2.8795,96.9125,5691.36,5515.64,0.0010702509918877306
FRTGXNX4SN6S,France,Europe,Industrial,BBB+,USD,2024-05-09,2047-07-17,23.2039,8.5818,7.4714,17.4029,120.4066,997.72,1201.32,0.000233103306520108
CAM5RRVSFFCX,Canada,North America,Corporate,AA,USD,2022-12-06,2048-02-27,25.2442,4.708,4.2168,18.9332,108.9421,9301.41,10133.15,0.0019662294563182435
NEHGNZEI3ZRR,Netherlands,Europe,Financial,BB+,USD,2024-12-30,2027-04-07,2.2712,8.1248,8.5363,1.7034,99.2098,6089.35,6041.23,0.0011722361139816801
MEHF4ABUFWBU,Mexico,North America,Energy,AA+,USD,2024-09-13,2041-09-05,16.9903,4.4547,3.9812,12.7427,105.7657,4059.86,4293.94,0.00083319316418519
TUCJG8VUAZXK,Turkey,Europe,Utility,BB,USD,2023-05-06,2029-11-29,6.5734,7.934,8.6462,4.9301,96.3783,3705.82,3571.6,0.0006930308074178552
CHDQ95G3V23G,Chile,Latin America,Technology,BBB-,EUR,2022-06-22,2048-10-30,26.3777,5.6195,7.5517,19.7833,61.0999,4248.44,2595.79,0.0005036853061897173
GBXJ0MQVINDH,United Kingdom,Europe,Industrial,BBB-,USD,2022-08-31,2032-12-15,10.299,7.7444,7.914,7.7242,97.8831,4380.33,4287.6,0.0008319629549459056
SP4SPFDRWB2S,Spain,Europe,Energy,AA-,USD,2026-03-24,2037-09-01,11.4509,4.8524,4.3272,8.5882,103.3726,2968.37,3068.48,0.0005954057486688152
PEEREV361XSN,Peru,Latin America,Technology,AA-,USD,2022-01-04,2027-02-12,5.1118,4.2348,5.3807,3.8339,96.1233,8331.33,8008.35,0.0015539347257769013
MEBTI22NV01Z,Mexico,North America,Energy,BB+,USD,2023-08-12,2044-05-23,20.7956,9.2324,8.9865,15.5967,100.8821,1614.16,1628.4,0.0003159736159702194
MEDERI4K5OGZ,Mexico,North America,Communications,AA,USD,2022-08-03,2048-10-26,26.2508,1.593,3.6576,19.6881,60.8897,5256.75,3200.82,0.0006210849112440417
SW2UEAXYLNFX,Switzerland,Europe,Industrial,BB+,USD,2025-05-21,2030-12-31,5.6169,8.1006,9.053,4.2127,95.3112,7770.95,7406.59,0.0014371696292734383
MEJ4PNJY1O2R,Mexico,North America,Corporate,BB+,AUD,2024-12-20,2045-10-27,20.8675,8.7864,8.8418,15.6506,100.2927,6696.24,6715.84,0.0013031369743781859
CANTJLMZ04X0,Canada,North America,Communications,BB-,EUR,2025-04-29,2051-02-03,25.7845,9.2328,8.8656,19.3384,105.8659,4408.06,4666.63,0.0009055096754452866
CAQZFHOMTZZF,Canada,North America,Government,BBB-,USD,2024-02-29,2033-05-24,9.2406,8.6694,8.7647,6.9304,100.5342,5179.69,5207.36,0.001010432552725793
PO8ADF7PCHCB,Poland,Europe,Energy,AA+,USD,2023-02-02,2049-12-31,26.9308,5.1772,4.4604,20.1981,112.3712,8478.29,9527.16,0.001848643573524217
CAN9WSZV83XP,Canada,North America,Communications,BBB-,USD,2026-03-22,2032-03-24,6.0119,8.0781,7.2039,4.5089,104.3154,6021.36,6281.2,0.0012187997277279179
USHX2KBVSIGB,United States,North America,Financial,BB+,CAD,2021-06-13,2032-07-24,11.1231,8.8129,9.051,8.3423,98.0596,7423.39,7279.35,0.001412480067190381
USIAF92MOVS0,United States,North America,Technology,BB-,USD,2021-12-29,2027-10-04,5.7681,10.2597,9.4631,4.3261,101.4341,8995.52,9124.52,0.0017705155848640297
GECDK36M8JVH,Germany,Europe,Industrial,AA,USD,2025-10-19,2034-12-01,9.1255,5.6645,4.4943,6.8441,108.1433,9597.5,10379.05,0.002013943723185768
PO7UJODCK828,Poland,Europe,Industrial,A,GBP,2024-01-11,2036-10-08,12.7532,4.7104,5.3055,9.5649,94.025,1418.13,1333.39,0.0002587300784810432
ME53UY8U118Q,Mexico,North America,Energy,BBB+,USD,2024-11-15,2029-04-28,4.4542,6.1285,6.6905,3.3406,99.1374,3404.57,3375.2,0.0006549214865037363
ITQVAECW9YIL,Italy,Europe,Energy,BBB+,USD,2025-12-17,2031-09-08,5.7299,8.6279,7.4214,4.2974,105.3743,2939.06,3097.02,0.0006009436306387182
SI8SA3IDY3C7,Singapore,Asia,Energy,AA,EUR,2024-07-13,2043-11-08,19.3368,5.1283,4.0036,14.5026,117.0414,3421.53,4004.61,0.0007770517699892533
NERM6J8Y6RH0,Netherlands,Europe,Financial,AA,USD,2023-12-21,2041-05-21,17.4294,3.4907,4.473,13.0721,88.2811,1317.31,1162.93,0.00022565413732513338
ME5HHIWFD7YX,Mexico,North America,Financial,BB,USD,2021-05-20,2025-03-31,3.8674,11.2639,10.16,2.9006,103.677,895.0,927.91,0.00018005101817423618
NEW1TBRWR965,Netherlands,Europe,Energy,AA-,USD,2021-12-08,2041-02-07,19.1819,5.4305,5.0193,14.3864,105.2161,9444.98,9937.64,0.0019282928303919738
SPR96KHUB2RT,Spain,Europe,Communications,BBB,AUD,2021-12-19,2047-04-12,25.3297,9.3049,8.0812,18.9973,122.0723,4261.4,5202.0,0.0010093925020124546
INSOYG9ZQYAH,India,Asia,Corporate,BB+,USD,2025-02-22,2042-07-18,17.4132,7.6302,8.609,13.0599,87.1287,1089.35,949.14,0.0001841704727720302
CAULWJTIQWNR,Canada,North America,Energy,AA,EUR,2024-05-07,2054-04-06,29.937,4.5328,4.6691,22.4527,97.9992,9865.15,9667.77,0.001875927441211255
MEHZN4KGEUID,Mexico,North America,Technology,A+,USD,2025-03-01,2045-04-19,20.1505,3.169,4.3626,15.1129,81.3126,2377.57,1933.27,0.000375130381077589
USJIPNF8F3GR,United States,North America,Technology,BB-,USD,2024-06-23,2050-10-07,26.3087,9.4255,9.7053,19.7316,93.5144,2045.28,1912.63,0.00037112540967398715
NE94SZ2KUUOY,Netherlands,Europe,Corporate,AA-,USD,2025-01-25,2043-09-21,18.6664,3.5443,4.5722,13.9998,87.5978,6131.32,5370.91,0.0010421676822344697
USC3RWQMMU7J,United States,North America,Communications,AA,USD,2025-08-10,2039-09-18,14.1176,5.1556,4.6671,10.5882,107.5339,3531.67,3797.75,0.000736912797869627
POAE58HUXG2M,Poland,Europe,Utility,A,USD,2025-09-17,2045-05-04,19.6426,4.293,5.304,14.732,85.7012,3569.45,3059.06,0.0005935778983479853
EGYR06NKWFG3,Egypt,Africa,Industrial,A,EUR,2024-09-06,2027-10-22,3.128,2.9989,5.4913,2.346,93.1707,9958.56,9278.46,0.0018003859965825602
CAMWU4CFILKJ,Canada,North America,Government,BBB-,GBP,2025-11-23,2054-06-28,28.6149,8.0647,8.4204,21.4612,90.4352,6298.59,5696.14,0.0011052750877380284
CAXJQ5NV8OGA,Canada,North America,Corporate,AA,USD,2025-03-01,2040-01-06,14.8613,4.6417,4.9351,11.146,95.2803,959.45,914.16,0.00017738297763162349
KR0X7ZCGDC5T,South Korea,Asia,Financial,AA+,USD,2026-04-05,2042-05-07,16.0993,1.2727,2.7829,12.0745,81.6537,4443.69,3628.44,0.0007040600019227356
USAO1CJFX5LI,United States,North America,Government,BBB-,USD,2024-04-30,2027-12-29,3.6684,7.3717,8.0606,2.7513,99.0195,8453.75,8370.87,0.0016242778572320253
RUKWE4BX4LR9,Russia,Europe,Technology,A-,USD,2022-08-03,2029-02-26,6.5743,6.884,6.0705,4.9307,102.3465,8620.65,8822.94,0.0017119972090937651
QATJQ8ZGVWWU,Qatar,Middle East,Communications,BBB+,GBP,2021-08-16,2027-09-09,6.0691,9.4058,7.7101,4.5519,109.616,8841.32,9691.5,0.001880531994089524
SPSXLMT2PNJK,Spain,Europe,Government,A-,USD,2022-05-09,2025-08-01,3.2338,7.4528,6.5286,2.4254,100.2802,6097.54,6114.62,0.0011864766591033055
GEA34MQA78RA,Germany,Europe,Government,AA+,USD,2021-09-10,2027-03-30,5.5544,4.5028,3.7178,4.1658,104.3864,2077.71,2168.85,0.0004208421622433126
CAPKIANOUOF0,Canada,North America,Technology,A+,CAD,2023-02-17,2029-02-11,5.9916,4.8674,5.3687,4.4937,96.7848,1026.45,993.45,0.00019276835469516976
MEONJPI163YK,Mexico,North America,Government,BBB+,EUR,2023-05-01,2041-07-18,18.2293,7.3616,7.2512,13.672,102.0167,7422.23,7571.92,0.0014692501487578132
CA03O4GKWWJW,Canada,North America,Industrial,BB-,USD,2023-12-29,2027-06-01,3.4273,10.8506,9.8104,2.5705,101.2698,9263.13,9380.75,0.0018202342778264769
CAGABTGDJZ0I,Canada,North America,Technology,BBB,EUR,2023-08-02,2049-03-11,25.6251,9.3252,8.8225,19.2189,109.3133,8390.92,9172.39,0.0017798042467385654
USFRML29Q2L4,United States,North America,Government,AA,EUR,2022-04-24,2041-06-10,19.1437,5.2792,4.2013,14.3578,114.9222,5994.42,6888.92,0.0013367212985320334
SI8C1CQG433E,Singapore,Asia,Utility,BB-,USD,2021-11-04,2050-08-16,28.8015,10.0494,10.2996,21.6011,93.5257,5711.59,5341.8,0.0010365191978566185
SW1I1P0BQ1S9,Switzerland,Europe,Utility,A,USD,2025-03-04,2044-11-16,19.7185,5.2158,5.4995,14.7889,97.1727,5096.12,4952.04,0.0009608904355374385
FRRYLLWB7SJW,France,Europe,Technology,AAA,EUR,2024-02-04,2031-08-27,7.5668,2.3789,2.9156,5.6751,97.6702,4993.76,4877.41,0.0009464092816686977
MEH55HEWLGJE,Mexico,North America,Energy,BB+,EUR,2021-04-30,2039-03-15,17.8869,7.1235,8.5305,13.4152,80.9538,3514.4,2845.04,0.0005520496047530783
PE2AB2RVNDFD,Peru,Latin America,Government,BB,USD,2022-02-25,2032-03-19,10.0692,9.3048,8.4686,7.5519,106.1419,2804.49,2976.74,0.0005776045821685032
MEW79WCXZ2EI,Mexico,North America,Energy,AA+,CAD,2022-07-18,2029-06-03,6.8835,4.9336,3.5553,5.1626,106.7528,6599.82,7045.49,0.001367102033641624
US9212PGYME6,United States,North America,Utility,BB+,USD,2025-09-18,2036-07-22,10.8502,7.9267,8.2242,8.1376,98.8912,7623.67,7539.14,0.0014628895401042248
BRRPKZGGM0J3,Brazil,Latin America,Corporate,AA,USD,2023-12-07,2030-12-31,7.0728,3.0261,4.0923,5.3046,96.4688,4551.75,4391.02,0.0008520305006125968
SW6TCFKJNAWN,Switzerland,Europe,Technology,BBB-,EUR,2025-07-27,2047-07-28,22.0172,7.9467,8.6657,16.5129,86.564,8212.73,7109.27,0.0013794778609731032
MEGA41IZXTNS,Mexico,North America,Communications,BBB,USD,2022-12-11,2033-02-25,10.219,8.4457,7.4463,7.6642,109.5631,6951.13,7615.87,0.0014777781765285645
UARTWLXDSC4E,UAE,Middle East,Industrial,BBB-,USD,2026-02-19,2031-11-08,5.722,8.1004,8.377,4.2915,99.2637,2596.19,2577.07,0.0005000528902655202
US5HRDU4XSZJ,United States,North America,Utility,BBB+,USD,2022-02-15,2034-02-06,11.984,8.1817,7.3959,8.988,106.2561,2492.06,2647.96,0.0005138083371066703
NINVC7HR6C2C,Nigeria,Africa,Industrial,A-,USD,2025-10-12,2038-03-29,12.4705,6.4138,5.6537,9.3529,108.1637,9673.57,10463.29,0.002030289594844655
USU7ONZ3JBCK,United States,North America,Industrial,AA+,AUD,2024-04-25,2038-04-18,13.9892,2.5502,4.0111,10.4919,83.9849,6629.58,5567.85,0.0010803817843771713
GB88D0TGSIWG,United Kingdom,Europe,Energy,BB+,USD,2022-08-24,2039-04-16,16.6554,7.7197,7.6103,12.4916,101.4424,4017.21,4075.15,0.0007907393030711369
CH0ODWMQX5GG,China,Asia,Financial,A-,USD,2021-11-03,2042-03-29,20.4161,4.5889,5.7459,15.312,82.2613,1535.63,1263.23,0.0002451162803377918
MEOMF9PML9LN,Mexico,North America,Corporate,AAA,USD,2023-02-03,2049-02-11,26.0435,2.435,3.1357,19.5327,87.197,9162.28,7989.23,0.0015502246941278281
CA1P0VUH17J8,Canada,North America,Industrial,BBB,USD,2025-05-31,2046-02-20,20.742,7.0059,6.9768,15.5565,101.4426,8683.47,8808.74,0.0017092418508606669
CAQO09VS9KKH,Canada,North America,Communications,A+,EUR,2024-01-21,2032-08-24,8.5974,6.0093,5.1924,6.4481,104.841,1751.03,1835.79,0.0003562154289253064
TU4A3YJTU7FB,Turkey,Europe,Communications,A,USD,2021-06-10,2047-11-13,26.4452,5.9713,6.3971,19.8339,92.0926,6542.45,6025.12,0.0011691101406622992
SPMENUI3DO70,Spain,Europe,Government,BB+,EUR,2022-06-14,2037-05-06,14.9052,8.8387,8.9892,11.1789,98.9856,4953.5,4903.26,0.0009514251978888097
GE02G3YU6VK0,Germany,Europe,Utility,BBB+,USD,2022-02-21,2041-04-06,19.1362,7.2237,7.0364,14.3522,101.3027,2863.52,2900.82,0.0005628731175870374
SAUCC1M3O55I,Saudi Arabia,Middle East,Corporate,BBB+,AUD,2022-10-25,2041-02-11,18.3136,7.4205,7.3966,13.7352,100.064,9769.9,9776.15,0.0018969574218664085
CAXVA1NKBTFS,Canada,North America,Government,BB-,USD,2022-03-18,2036-07-15,14.3386,9.0352,9.1645,10.754,98.0028,4787.03,4691.43,0.000910321850387599
INHB0OQVSHKO,India,Asia,Industrial,AA-,USD,2025-07-10,2049-06-27,23.9818,2.9514,3.7939,17.9863,85.2497,3130.26,2668.54,0.0005178016661515409
USECUBODS1EE,United States,North America,Technology,AA+,EUR,2025-06-06,2036-02-23,10.724,2.6118,4.5568,8.043,85.487,1501.35,1283.46,0.0002490416956233958
NEURXHW0IC1L,Netherlands,Europe,Communications,A,EUR,2022-05-12,2029-01-20,6.6988,6.5615,5.9667,5.0241,103.3564,7366.45,7613.7,0.001477357111221112
US7DYPMLVAK9,United States,North America,Communications,AA-,USD,2021-08-24,2033-05-28,11.7673,6.4344,5.433,8.8255,109.6091,9219.49,10105.4,0.0019608448654049706
CAW9PFB3HN14,Canada,North America,Technology,AA+,USD,2026-04-14,2029-05-16,3.0908,3.4961,3.5898,2.3181,98.9619,7521.37,7443.29,0.0014442908720308117
RUEB8753AYEQ,Russia,Europe,Government,AA+,JPY,2024-03-26,2026-07-05,2.2775,3.7674,3.7259,1.7081,99.4856,5843.08,5813.02,0.0011279544025467971
CAAHTHSJR0FZ,Canada,North America,Government,AA-,AUD,2025-04-29,2051-04-26,26.0109,5.7583,5.5028,19.5081,103.2665,8658.23,8941.05,0.0017349151922565274
CAAUXBGK2WBX,Canada,North America,Financial,BBB+,GBP,2022-05-23,2033-10-29,11.4453,5.8493,6.609,8.5839,91.7077,4465.25,4094.98,0.0007945871026318648
CAANJ4X5A5XI,Canada,North America,Financial,AA-,GBP,2024-10-20,2047-06-08,22.6475,5.0855,5.2358,16.9856,97.12,3331.63,3235.68,0.0006278491216669855
USN9DL5TGSQ7,United States,North America,Technology,BBB+,USD,2024-10-05,2044-07-10,19.7774,6.7747,7.2425,14.833,92.2561,9576.76,8835.14,0.0017143644887024831
USAITMOFMMWI,United States,North America,Communications,BB,USD,2024-11-05,2040-05-09,15.5198,10.6124,9.0425,11.6399,118.3417,9380.56,11101.11,0.00215405174894569
BR9S3W563BTK,Brazil,Latin America,Financial,A-,AUD,2026-01-09,2044-12-22,18.9659,4.6111,6.0739,14.2245,80.1257,2018.86,1617.62,0.000313881872184811
RUF6XDN8WWII,Russia,Europe,Corporate,BB-,USD,2023-02-08,2048-04-27,25.235,9.1737,8.3834,18.9262,116.2594,1979.85,2301.76,0.00044663192722648744
NEF86LTHET25,Netherlands,Europe,Financial,AA+,USD,2024-11-08,2032-01-21,7.2069,4.345,3.9329,5.4052,102.7848,1841.39,1892.67,0.0003672523850026744
JALZSE99F77L,Japan,Asia,Communications,A-,EUR,2023-02-04,2038-06-17,15.3768,7.0569,6.4329,11.5326,108.4962,6516.0,7069.62,0.0013717842022447691
POU8EL5015OO,Poland,Europe,Technology,A-,JPY,2024-09-10,2044-03-10,19.5121,8.1271,7.445,14.6341,110.1704,8335.67,9183.43,0.0017819464407451433
SPP767J2DG1W,Spain,Europe,Energy,BB,USD,2022-12-29,2030-06-30,7.5073,10.1203,9.3362,5.6305,106.3364,9363.09,9956.37,0.0019319271867092932
GEJUIIYMYRSV,Germany,Europe,Communications,BB+,GBP,2022-09-19,2029-10-03,7.0444,7.7234,7.2098,5.2833,102.3304,1186.63,1214.28,0.0002356180560060906
RUZN4REGB1AJ,Russia,Europe,Government,A+,USD,2026-03-17,2030-08-22,4.438,4.3071,4.8433,3.3285,97.9513,9152.85,8965.34,0.001739628407149623
USO091C795RL,United States,North America,Utility,BBB+,USD,2025-12-31,2053-11-28,27.9297,9.5569,7.9378,20.9473,132.9468,4715.83,6269.54,0.0012165372293477825
CAQIOB0NLW0V,Canada,North America,Industrial,AAA,USD,2026-01-16,2032-09-09,6.6544,2.6094,3.9001,4.9908,93.9876,8957.25,8418.7,0.0016335587575340737
CAS52SQ3B9SO,Canada,North America,Financial,AA-,USD,2021-10-26,2040-01-07,18.211,4.0374,4.2336,13.6583,97.6208,4525.82,4418.14,0.00085729284675919
US0USWBKOK3Q,United States,North America,Corporate,A+,USD,2024-03-01,2051-10-29,27.6822,7.1011,5.5878,20.7616,131.8174,8212.16,10825.06,0.0021004871968156365
MEPWBSF3Q0E2,Mexico,North America,Government,A-,GBP,2023-12-11,2053-07-10,29.6015,7.1512,6.5798,22.2011,113.4707,8527.88,9676.64,0.0018776485699103802
US7ZEOQGVZHQ,United States,North America,Government,BBB-,USD,2022-12-20,2035-10-22,12.8491,7.5688,8.3108,9.6368,94.1413,6530.07,6147.49,0.001192854731294991
USJY62ZEEQNS,United States,North America,Energy,BB+,USD,2023-01-28,2041-10-05,18.7002,10.1065,8.4417,14.0251,122.4649,9030.57,11059.28,0.002145935084516782
TUN2S8NN16UX,Turkey,Europe,Energy,AA+,EUR,2023-08-05,2039-11-21,16.3072,1.3229,2.7058,12.2304,81.9053,4183.1,3426.18,0.0006648136106391833
CAF5GZPL1QWE,Canada,North America,Utility,AA-,EUR,2022-10-13,2041-07-29,18.807,5.8344,5.3917,14.1053,104.5188,9398.88,9823.6,0.0019061645872298248
ITEHWJQ4TA5I,Italy,Europe,Energy,AA+,USD,2021-07-04,2046-04-30,24.8409,2.6074,3.6303,18.6307,80.3639,5777.22,4642.8,0.0009008857186357986
ITVROCVITWU3,Italy,Europe,Financial,A+,USD,2025-02-08,2048-11-02,23.7504,5.8454,4.9216,17.8128,116.9951,7995.72,9354.59,0.0018151582094195861
MEBFXB4Y4K7B,Mexico,North America,Industrial,A,USD,2023-02-09,2026-04-08,3.1619,6.8755,6.368,2.3714,102.0392,9321.67,9511.75,0.0018456534277233687
SWPGYVYV2GQU,Switzerland,Europe,Energy,A-,EUR,2025-04-28,2053-05-07,28.0446,5.6394,6.5354,21.0335,81.7334,5081.6,4153.37,0.0008059170580706398
CA7DKNNCPTKE,Canada,North America,Industrial,AA+,USD,2023-02-26,2042-06-03,19.2814,3.2725,4.2717,14.4611,85.7703,1653.44,1418.16,0.00027517879097539076
NEZJSSZWD0W9,Netherlands,Europe,Communications,BB-,EUR,2023-11-14,2043-04-23,19.4546,7.7429,9.2277,14.591,77.6455,7416.12,5758.28,0.0011173326905975158
INRY79KVLS9M,Indonesia,Asia,Communications,AA-,USD,2022-01-28,2036-04-12,14.2149,5.2203,4.7914,10.6612,105.1837,8148.61,8571.01,0.0016631128851737347
CAEUSWRGVZ9A,Canada,North America,Technology,AA-,CAD,2023-03-01,2039-03-21,16.0664,5.894,5.3827,12.0498,105.7486,8596.02,9090.17,0.0017638503344903026
CAAWE429OMUW,Canada,North America,Government,AA,EUR,2025-08-04,2041-02-27,15.5805,3.7219,4.9057,11.6854,87.4238,2206.2,1928.74,0.0003742513829933682
MEAHK2LSLAYM,Mexico,North America,Communications,AAA,USD,2024-01-23,2028-02-26,4.0971,3.9475,4.0965,3.0728,99.22,8365.78,8300.53,0.0016106291320125798
CA0WBGLMY62X,Canada,North America,Corporate,BBB,USD,2025-10-29,2028-11-04,3.0209,5.3414,7.2461,2.2657,94.4639,7331.22,6925.36,0.0013437920910682375
GERW6TM2O04K,Germany,Europe,Industrial,AA+,USD,2022-11-24,2036-09-10,13.808,4.824,4.5003,10.356,104.6424,3826.89,4004.55,0.0007770401276305219
SP0LTHY25M8K,Spain,Europe,Corporate,A-,EUR,2023-01-03,2052-01-16,29.0557,6.5619,5.8548,21.7918,118.1564,3203.7,3785.38,0.0007345125315778364
RUB9W4UOV51Z,Russia,Europe,Financial,AA+,USD,2022-10-02,2038-03-28,15.4965,3.0949,3.6263,11.6224,93.6521,1576.35,1476.28,0.00028645635579987435
USLBORIQ8HKE,United States,North America,Corporate,A,USD,2026-01-27,2037-09-04,11.6117,4.6146,5.5695,8.7088,91.72,7641.82,7009.08,0.0013600370622847855
PE226PARSG70,Peru,Latin America,Utility,AA+,USD,2022-10-23,2041-09-07,18.89,4.7367,3.7927,14.1675,112.9118,5604.73,6328.41,0.0012279603236564085
USS1F537YE0Q,United States,North America,Government,A+,USD,2024-03-28,2049-11-17,25.6592,5.8951,5.7057,19.2444,103.9408,6925.78,7198.71,0.001396832737055378
USZSA7YVDQBS,United States,North America,Energy,AAA,USD,2023-09-13,2045-03-02,21.4823,3.2076,3.4535,16.1117,94.8652,9854.22,9348.22,0.0018139221790009355
MEXLUL6LGJLP,Mexico,North America,Financial,BB-,AUD,2024-06-25,2049-12-11,25.481,10.7588,9.4476,19.1108,124.8331,8909.77,11122.34,0.002158171203543484
USEFJAWSHMLF,United States,North America,Energy,AA-,USD,2025-10-12,2050-12-28,25.2278,1.7942,4.6861,18.9209,50.0,2543.98,1271.99,0.00024681606471257635
SPZKICWMPEQY,Spain,Europe,Communications,AA,USD,2024-06-18,2048-10-15,24.3439,3.0998,3.9628,18.258,82.6198,2801.44,2314.55,0.0004491136900293977
CADBPGVV4ZWL,Canada,North America,Utility,AA+,USD,2025-09-24,2037-03-17,11.4868,4.1129,4.6061,8.6151,96.8064,2216.25,2145.47,0.00041630552312431
SA3ZYT91QE37,Saudi Arabia,Middle East,Technology,AA+,EUR,2022-05-09,2035-05-15,13.0251,3.5258,3.9066,9.7689,95.7378,3271.09,3131.67,0.0006076670928061022
KUQQYZQII4W6,Kuwait,Middle East,Industrial,AA+,USD,2021-07-08,2028-03-20,6.7046,5.1677,4.1115,5.0284,106.4154,1236.09,1315.39,0.00025523737086162294
MEOZX25QBRMQ,Mexico,North America,Technology,AA+,CAD,2025-04-10,2030-12-09,5.6696,3.5884,3.6992,4.2522,99.1406,9800.8,9716.57,0.0018853965596461275
FRG1VED32LX2,France,Europe,Technology,BBB+,USD,2024-05-30,2036-06-22,12.0722,7.5023,7.1907,9.0541,101.3028,4167.48,4221.78,0.0008191912874175586
SATOOWT9NM3V,Saudi Arabia,Middle East,Energy,AA+,JPY,2024-01-31,2039-07-12,15.4557,3.3098,2.6846,11.5918,107.6258,2596.77,2794.79,0.0005422991293155302
ME2P2TIXC7UR,Mexico,North America,Technology,BB,USD,2023-02-13,2036-05-10,13.2475,9.4751,9.5731,9.9356,98.0752,1726.18,1692.95,0.00032849885357208474
MEVQT3G8CD31,Mexico,North America,Industrial,BB,USD,2024-09-24,2031-05-19,6.6532,9.8397,8.6981,4.9899,105.2544,567.85,597.69,0.00011597535650284967
PONRXD356WAF,Poland,Europe,Industrial,A-,JPY,2022-07-15,2037-05-31,14.89,6.2052,7.1689,11.1675,88.1719,9633.44,8493.98,0.001648166036955738
SPFTOUHYLU6K,Spain,Europe,Government,BBB,USD,2021-12-11,2024-06-26,2.5445,9.8797,7.5306,1.9084,103.767,4569.34,4741.47,0.0009200315775695873
CA7P9MDA9OEK,Canada,North America,Government,BB-,EUR,2025-09-18,2052-09-15,27.0125,7.8652,9.5323,20.2594,66.2871,5130.36,3400.77,0.000659883071716435
KUNTBZ3M55IZ,Kuwait,Middle East,Utility,A,USD,2024-08-03,2053-06-01,28.8484,4.0364,6.0449,21.6363,56.2265,9545.37,5367.03,0.0010414148097031726
JAOLNNTXRGN7,Japan,Asia,Government,BB-,USD,2024-04-12,2042-06-19,18.1992,9.9596,10.345,13.6494,94.1816,1206.18,1136.0,0.00022042865864785628
CA4F9YECAZRP,Canada,North America,Industrial,BBB+,AUD,2022-07-02,2050-12-06,28.4518,6.1082,6.909,21.3389,81.6483,8044.73,6568.39,0.0012745258777957682
GB9DXOQ2VPGS,United Kingdom,Europe,Financial,BBB+,USD,2026-03-16,2032-09-19,6.5205,6.5843,7.0155,4.8904,98.9866,2524.85,2499.26,0.00048495469138401526
INTQMGVU4ISO,India,Asia,Financial,A-,USD,2025-02-22,2038-06-29,13.3581,6.8383,6.9146,10.0186,99.0872,1485.69,1472.12,0.00028564915226116387
CATN9UZERYF0,Canada,North America,Government,AA,EUR,2025-05-18,2037-10-03,12.3873,2.4888,4.5887,9.2904,79.8914,7202.16,5753.9,0.0011164827984101234
US992QC6DR08,United States,North America,Government,BBB-,USD,2023-09-12,2025-12-12,2.2544,8.6035,8.5492,1.6908,98.7485,8525.58,8418.88,0.0016335936846102676
CACW2LBM2QSQ,Canada,North America,Financial,A-,JPY,2021-12-01,2030-09-30,8.8361,7.9377,7.3158,6.6271,103.3646,4850.05,5013.24,0.0009727656414434674
ME0P82KB700U,Mexico,North America,Government,BBB+,AUD,2025-04-03,2054-01-23,28.8279,8.8398,6.8811,21.6209,142.4916,8455.77,12048.77,0.002337935043535679
CACRGB93WKCS,Canada,North America,Financial,A,USD,2023-11-16,2029-03-20,5.3469,3.9922,5.2133,4.0101,95.0062,3546.97,3369.84,0.0006538814357903979
CA4KEK4AEGVF,Canada,North America,Utility,BB,USD,2025-01-19,2048-11-09,23.8222,8.2926,8.0029,17.8667,105.221,2795.21,2941.15,0.0005706987230476607
GBQ3JZR25MDF,United Kingdom,Europe,Utility,BB+,USD,2024-05-17,2045-04-24,20.9524,8.6597,8.6651,15.7143,99.1954,7028.3,6971.75,0.0013527935747607324
HO7FR91IPWH0,Hong Kong,Asia,Corporate,AA,CAD,2021-12-22,2042-12-02,20.9601,4.9431,3.7365,15.72,117.4408,5675.61,6665.48,0.0012933651546162966
MEMX1EGOK01T,Mexico,North America,Communications,AAA,USD,2023-08-09,2046-11-16,23.2892,3.7164,3.0129,17.4669,110.9793,9776.34,10849.71,0.0021052702658611202
QANZRF5A7QY8,Qatar,Middle East,Utility,BBB,USD,2024-02-14,2046-03-03,22.065,6.7454,6.7011,16.5487,98.9884,7888.42,7808.61,0.0015151773135600678
INYB7W8P74MJ,India,Asia,Industrial,BB+,EUR,2022-11-09,2029-12-20,7.1202,8.2407,8.5772,5.3402,98.1829,3629.1,3563.16,0.0006913931156229715
RUDXO100VHMY,Russia,Europe,Energy,BB+,GBP,2025-02-09,2035-05-01,10.2297,8.6073,8.4464,7.6723,100.3118,5549.05,5566.35,0.0010800907254088863
POGTY3ADDQHK,Poland,Europe,Communications,A,USD,2025-08-11,2035-04-18,9.6906,4.3567,6.0653,7.268,86.7777,5695.37,4942.31,0.0009590024330298298
GBGAD7X48WZE,United Kingdom,Europe,Communications,BB+,USD,2023-04-29,2033-08-13,10.3005,8.7919,8.7744,7.7253,98.7907,3566.69,3523.56,0.0006837091588602469
US4EX6U86ZJQ,United States,North America,Utility,A-,USD,2025-06-05,2040-02-27,14.7421,6.5164,6.1985,11.0566,104.1644,7793.76,8118.33,0.001575275169331559
US7W7JP61LFC,United States,North America,Industrial,BBB+,USD,2021-05-09,2041-06-09,20.0994,6.6788,7.2909,15.0746,91.53,8325.59,7620.42,0.001478661055399029
US1NLC8JPR7V,United States,North America,Energy,AA,USD,2024-06-14,2041-09-17,17.272,4.1614,4.3595,12.954,97.0797,5479.86,5319.84,0.0010322580945609258
SPGRF1HX6ZDC,Spain,Europe,Technology,BB,JPY,2021-05-07,2046-07-09,25.1892,8.9366,10.3157,18.8919,75.0174,6404.43,4804.44,0.0009322502330581923
MEUJQ6FX7XJZ,Mexico,North America,Corporate,A+,USD,2023-08-13,2036-06-07,12.8275,6.4309,6.0611,9.6206,102.9341,7491.24,7711.04,0.0014962448978696882
US6US7RP422T,United States,North America,Corporate,AA,USD,2023-07-16,2038-07-09,14.992,4.9901,4.6692,11.244,103.4434,734.12,759.4,0.0001473534536770969
GEA83RU7MYOW,Germany,Europe,Industrial,A-,AUD,2024-09-01,2053-12-18,29.3169,6.0214,6.6363,21.9876,86.5191,5622.32,4864.37,0.00094387900903774
US8DT8CQ1XGB,United States,North America,Government,BB+,USD,2023-05-18,2026-06-29,3.1185,10.2281,9.0245,2.3389,103.1582,8654.14,8927.45,0.0017322762576107435
NENGZ6WMDW0F,Netherlands,Europe,Industrial,BBB-,USD,2026-02-01,2039-03-22,13.1429,5.6062,7.8246,9.8572,79.5031,6791.21,5399.22,0.0010476609351625693
RUGZVRCTLT4Q,Russia,Europe,Communications,A+,USD,2022-10-24,2043-02-25,20.3543,4.9524,4.957,15.2657,100.3003,8758.85,8785.15,0.0017046644634861044
RU9BC2BE3YQY,Russia,Europe,Corporate,BB+,USD,2025-01-26,2053-04-21,28.2545,7.0768,8.6554,21.1909,66.334,3752.75,2489.35,0.00048303176180021214
RU5FU7BFXQ7B,Russia,Europe,Corporate,BB-,EUR,2022-07-08,2048-11-05,26.3493,11.2391,10.0895,19.7619,123.0163,666.23,819.58,0.00015903073948469196
CAZEGBL2QGV3,Canada,North America,Technology,A+,USD,2024-12-02,2036-09-13,11.7892,4.2809,4.6844,8.8419,96.9366,7025.94,6810.71,0.0013215454839256525
CHDR2H2P39YL,Chile,Latin America,Utility,BBB,USD,2024-11-06,2030-06-25,5.636,8.5233,7.8956,4.227,104.0122,1235.41,1284.98,0.0002493366353779246
PO9UE421VMEF,Poland,Europe,Energy,BB-,GBP,2022-08-16,2040-10-24,18.2052,10.5874,10.0337,13.6539,107.5271,9527.92,10245.09,0.001987950216924794
USOZTP7BD4W1,United States,North America,Government,BB+,AUD,2022-03-17,2025-02-20,2.9359,10.1615,9.5305,2.2019,100.7558,7858.43,7917.83,0.001536370287237461
USARAGDX5O31,United States,North America,Corporate,BB-,USD,2022-01-07,2028-01-20,6.0387,9.0675,9.8325,4.529,96.9875,5952.33,5773.01,0.0011201908896660746
USYHXSO7VBGR,United States,North America,Technology,BBB-,USD,2022-03-12,2036-09-22,14.5432,6.1936,7.8589,10.9074,81.5443,8848.09,7215.11,0.0014000149817752943
ME8W2MAIETDN,Mexico,North America,Corporate,BBB,EUR,2025-07-25,2033-10-20,8.2464,7.7593,7.8289,6.1848,98.383,2288.87,2251.86,0.0004369493655482057
CA1TH1XJG2Y8,Canada,North America,Utility,BBB,USD,2024-09-09,2041-02-03,16.414,7.6115,8.0289,12.3105,95.2053,1738.04,1654.71,0.0003210787902739386
ITRGYBXKPM21,Italy,Europe,Industrial,A+,USD,2024-06-04,2028-11-06,4.4299,6.3305,5.2561,3.3224,104.0658,6932.68,7214.55,0.001399906319760468
SWB07G2RE6ZV,Switzerland,Europe,Technology,A-,USD,2024-03-03,2030-12-26,6.8215,7.7055,7.5375,5.1161,101.8048,8407.71,8559.46,0.0016608717311179398
ZALHYL2LD05N,South Africa,Africa,Corporate,AA-,USD,2023-03-31,2038-04-23,15.0765,4.4147,4.7646,11.3074,95.7089,2624.32,2511.71,0.0004873704808207809
AUHQR6F7QNEZ,Australia,Asia,Communications,AA-,EUR,2021-06-09,2035-06-22,14.044,5.4227,5.2874,10.533,100.6479,1434.28,1443.57,0.000280109329898139
GEW9HEYCE4QG,Germany,Europe,Industrial,BB-,USD,2026-01-17,2045-07-04,19.4752,9.926,9.3138,14.6064,107.6075,8017.95,8627.91,0.0016741537220373464
ITM5V2WWG84D,Italy,Europe,Corporate,AA+,USD,2024-05-07,2049-05-17,25.0441,3.2874,3.4549,18.7831,97.0422,938.87,911.1,0.00017678921733632207
RU4R9V4K00IL,Russia,Europe,Technology,AA-,GBP,2023-08-03,2053-07-19,29.9818,4.1738,4.9236,22.4864,82.0284,1297.64,1064.44,0.00020654320546753887
HOU6VFUA9BQ1,Hong Kong,Asia,Energy,A+,AUD,2023-06-06,2052-05-29,29.0019,6.0382,5.8778,21.7514,105.2158,2525.44,2657.16,0.0005155934987788184
AUBTR23QIUA0,Australia,Asia,Government,BB-,USD,2026-02-24,2037-09-21,11.5823,7.0939,9.7374,8.6867,77.5716,1808.47,1402.86,0.0002722099894988835
CA8EKXDRKZ40,Canada,North America,Industrial,A,USD,2026-03-11,2031-07-23,5.3706,6.1317,6.1377,4.0279,100.76,8507.98,8572.64,0.0016634291692526042
RUAQ15O2NQW4,Russia,Europe,Communications,BBB+,USD,2023-08-04,2035-09-11,12.114,6.4568,6.4567,9.0855,98.3078,826.83,812.84,0.00015772291452053125
TUC6LBPJ8T22,Turkey,Europe,Industrial,A,EUR,2024-02-07,2042-10-05,18.6716,6.9396,6.3479,14.0037,109.1503,2863.57,3125.6,0.0006064892741811088
CHC50B8Y5DNW,Chile,Latin America,Industrial,AA-,USD,2025-07-23,2028-01-09,2.4668,3.0785,4.8051,1.8501,95.7782,6408.82,6138.25,0.0011910618080503556
CONGUCZH9IER,Colombia,Latin America,Government,AA,JPY,2024-03-15,2050-05-15,26.1861,4.5864,4.2571,19.6396,106.6078,6505.14,6934.99,0.0013456606896446275
GB7U8H0IMJYJ,United Kingdom,Europe,Communications,AA+,USD,2025-11-09,2039-09-06,13.8352,3.0026,3.4225,10.3764,94.844,1158.42,1098.69,0.00021318905191004687
SPCMRSEZYTKW,Spain,Europe,Energy,BB-,USD,2021-06-21,2038-08-12,17.1547,8.2221,8.5098,12.866,96.4284,9161.41,8834.21,0.0017141840321421463
GE2837C6QC6K,Germany,Europe,Corporate,AAA,USD,2024-07-20,2034-09-10,10.148,4.7762,3.3872,7.611,111.2092,5177.49,5757.84,0.0011172473133001521
ME8DJZR5SWK8,Mexico,North America,Energy,BB-,USD,2022-11-04,2048-02-11,25.2883,10.3537,10.3082,18.9662,101.4876,6499.67,6596.36,0.001279953157357723
SWTEMPXKC5I8,Switzerland,Europe,Communications,A-,USD,2024-05-02,2052-05-08,28.0382,6.9578,7.241,21.0286,93.4787,4360.16,4075.82,0.0007908693094103043
QAXOMXLVZ4QK,Qatar,Middle East,Corporate,AA+,USD,2024-08-03,2037-04-11,12.6975,3.3813,3.7643,9.5231,97.3154,6495.61,6321.23,0.0012265671213948842
FRE2GJR81BMQ,France,Europe,Technology,BBB,USD,2024-07-15,2044-08-31,20.1448,5.5644,7.4107,15.1086,71.2294,5337.0,3801.52,0.0007376443260765832
MEF7ZK94YXFI,Mexico,North America,Energy,AA-,AUD,2026-03-29,2050-08-21,24.415,4.1081,4.9043,18.3113,84.4717,4405.71,3721.58,0.0007221328234601135
MEBLEJGUBLMN,Mexico,North America,Communications,BBB-,USD,2024-04-02,2045-11-26,21.6674,9.0026,8.4757,16.2505,108.3715,8005.79,8675.99,0.0016834831321674423
GETFK7ORFQLA,Germany,Europe,Industrial,AA,EUR,2024-02-11,2051-04-08,27.1727,5.0672,4.4009,20.3795,114.1562,4303.39,4912.59,0.0009532355846715425
KU09LZRK79UF,Kuwait,Middle East,Utility,BB,JPY,2024-06-16,2051-11-09,27.4173,7.7901,8.4279,20.563,86.3351,5649.26,4877.29,0.000946385996951235
ISU6PY06FTLO,Israel,Middle East,Government,A+,AUD,2023-07-23,2026-12-13,3.3961,6.1863,5.8049,2.5471,100.8705,3098.65,3125.62,0.0006064931549673526
ME4QDBXVH7KA,Mexico,North America,Utility,BB,USD,2023-02-28,2029-02-28,6.0057,8.5069,9.0611,4.5043,97.8834,9080.31,8888.12,0.0017246446914623104
NETQYDSHLV76,Netherlands,Europe,Utility,AA+,USD,2023-06-12,2046-11-11,23.4352,2.7447,3.9337,17.5764,79.0524,6658.44,5263.66,0.0010213569660020908
USMF4NNKM95D,United States,North America,Financial,BB,EUR,2022-09-20,2027-01-23,4.3461,8.6386,8.6046,3.2596,98.7458,8135.09,8033.06,0.0015587294371811166
HO0P92K38P6F,Hong Kong,Asia,Utility,A+,USD,2025-10-09,2048-11-07,23.0973,7.9093,5.8507,17.323,135.9151,8242.65,11203.0,0.0021738224144647305
USVDHR59C81D,United States,North America,Industrial,BBB-,JPY,2023-08-09,2028-05-18,4.7787,8.0164,7.9362,3.584,99.3591,651.24,647.07,0.00012555701773879258
FRO6OUZ1EGNT,France,Europe,Technology,AA-,USD,2022-12-12,2032-08-12,9.6766,5.6107,4.9388,7.2574,105.2608,1704.62,1794.29,0.0003481627974694208
AUB34KUQAAJ8,Australia,Asia,Industrial,BB,USD,2025-01-08,2039-08-25,14.636,10.3114,9.5147,10.977,108.7606,8238.94,8960.72,0.001738731945527305
SA4RX6PRYIEJ,Saudi Arabia,Middle East,Financial,AAA,USD,2025-11-20,2042-09-11,16.8195,2.9884,3.0126,12.6146,100.8968,4983.07,5027.76,0.0009755830922564665
GE9C0UU5WRYE,Germany,Europe,Technology,BBB+,USD,2021-08-06,2032-12-02,11.3324,7.4146,7.1991,8.4993,102.0367,5513.74,5626.04,0.0010916729319535082
RUSU4FCL5EFJ,Russia,Europe,Corporate,BBB+,CAD,2022-12-02,2033-06-15,10.5428,7.1995,7.4003,7.9071,97.1566,2499.37,2428.3,0.00047118566179101185
GBP6MKT7S1GD,United Kingdom,Europe,Corporate,BBB+,USD,2026-04-06,2036-08-11,10.3578,7.3269,6.9504,7.7684,102.0644,4848.76,4948.86,0.0009602733905246742
AU1T53YKYYDU,Australia,Asia,Government,BB,EUR,2026-01-14,2034-09-06,8.6517,9.351,8.5945,6.4888,102.9946,2447.3,2520.59,0.0004890935499130282
RU3ASNRM6DFH,Russia,Europe,Government,BBB-,JPY,2024-08-01,2036-06-11,11.8708,7.0478,7.3466,8.9031,96.3614,5432.47,5234.8,0.001015756991452287
CAG6W3STT1EQ,Canada,North America,Communications,BBB+,CAD,2026-04-02,2055-07-28,29.3417,6.4352,6.5409,22.0063,97.6314,1708.64,1668.17,0.00032369055941601624
BRC37RLN36V1,Brazil,Latin America,Utility,AA,AUD,2026-01-31,2035-07-01,9.4213,5.4137,4.7939,7.066,102.4678,1937.01,1984.81,0.00038513116722786235
USMZB3I4FIEE,United States,North America,Industrial,BB-,USD,2023-02-28,2027-04-29,4.1695,11.0561,9.5465,3.1272,106.0363,7144.16,7575.4,0.0014699254055642345
MECY2C11BD2S,Mexico,North America,Corporate,AA,USD,2025-12-25,2038-02-06,12.1267,4.57,4.2292,9.095,102.752,760.97,781.91,0.0001517212785944941
POCEJCY127H6,Poland,Europe,Financial,BB+,USD,2021-08-14,2038-09-25,17.1261,8.6529,8.6103,12.8446,102.3342,6959.73,7122.19,0.0013819848488865981
CAGMD478MFS0,Canada,North America,Financial,AA,EUR,2025-04-20,2041-02-08,15.8174,3.1478,3.9767,11.8631,88.8014,5145.03,4568.86,0.0008865384518924688
GBIUDUAHGK6T,United Kingdom,Europe,Financial,A+,EUR,2023-09-02,2034-02-18,10.4734,4.6105,5.1447,7.8551,95.9544,8446.18,8104.48,0.0015725877248577273
NE9DHSZNVP8G,Netherlands,Europe,Energy,AA,JPY,2024-03-18,2042-03-16,18.007,6.3263,4.5312,13.5053,123.2458,4200.4,5176.82,0.00100450659213151
CAMNHIE9EDE1,Canada,North America,Energy,AA,USD,2023-12-23,2033-02-27,9.1912,5.4926,4.4989,6.8934,108.2245,7936.08,8588.79,0.0016665629041444734
QAZUBLEKVL9P,Qatar,Middle East,Energy,A,USD,2024-01-04,2051-10-07,27.7776,7.2236,5.6141,20.8332,133.7589,1358.98,1817.76,0.00035271690012652046
KUTK4GC4RYG9,Kuwait,Middle East,Financial,AA+,USD,2021-09-28,2045-10-25,24.0905,3.2538,4.318,18.0678,80.762,4309.22,3480.21,0.0006752975546768097
USRDPXDFOVD7,United States,North America,Government,AAA,USD,2026-02-23,2042-09-13,16.5654,2.613,2.9863,12.4241,96.007,2308.63,2216.44,0.0004300764931104354
ME9C9MV9E40K,Mexico,North America,Energy,A+,USD,2022-07-09,2052-02-08,29.6062,7.2962,5.9641,22.2046,127.7172,9157.75,11696.02,0.0022694876761606515
RUZUJ2XORVOR,Russia,Europe,Corporate,AA-,USD,2023-12-07,2035-11-03,11.9163,6.1371,5.8319,8.9372,103.3154,2084.48,2153.59,0.000417881122339293
KRK1DJRWEDBC,South Korea,Asia,Energy,BB,USD,2025-05-27,2052-05-09,26.9724,10.8036,9.7071,20.2293,119.9912,6386.03,7662.68,0.001486861156732179
GEY8NYFWDC11,Germany,Europe,Communications,BBB-,USD,2026-01-12,2042-07-28,16.5512,8.3713,8.4575,12.4134,99.6517,9438.36,9405.49,0.0018250348104100578
FR2HXRJM4T8B,France,Europe,Industrial,AAA,GBP,2024-05-15,2053-04-10,28.9252,2.6166,3.3564,21.6939,82.6169,8514.97,7034.8,0.0013650277533943129
USP6NLNQBU4K,United States,North America,Financial,BB+,USD,2024-12-03,2037-08-30,12.7505,9.2275,9.0294,9.5629,102.3742,4796.04,4909.91,0.0009527155593148732
MEZREZRDYXYU,Mexico,North America,Corporate,A-,EUR,2021-06-14,2051-03-23,29.7935,6.1385,6.4651,22.3451,93.5334,1290.95,1207.47,0.00023429664829007662
NER4SOR8WM9L,Netherlands,Europe,Financial,BBB+,USD,2022-09-09,2042-05-07,19.6733,4.4099,6.4958,14.7549,67.7506,5496.49,3723.91,0.0007225849350575162
JABB4M0A6MDM,Japan,Asia,Government,AA-,EUR,2021-04-28,2032-03-05,10.8607,4.458,4.3131,8.1455,101.4613,5983.27,6070.71,0.0011779563929050418
RUMMXIXV6CKM,Russia,Europe,Energy,BBB+,EUR,2022-10-05,2034-10-31,12.0798,6.441,6.6656,9.0598,97.0875,1000.74,971.6,0.00018852859572381794
MEALQ5U6JZV9,Mexico,North America,Energy,A,USD,2021-07-20,2035-05-05,13.8023,4.0908,4.7977,10.3517,93.2038,2304.38,2147.77,0.0004167518135423471
TUNOU3DYMS1M,Turkey,Europe,Financial,BB-,EUR,2023-12-24,2043-10-04,19.792,8.9914,9.1329,14.844,99.4975,569.9,567.04,0.00011002805158422571
SWWNPR424TKB,Switzerland,Europe,Technology,BBB-,USD,2025-01-25,2039-08-03,14.53,9.0335,8.3668,10.8975,107.2028,6899.29,7396.24,0.0014351613223922716
US9OI0D4DMC2,United States,North America,Corporate,BB-,EUR,2021-09-21,2030-11-28,9.1936,8.2449,9.507,6.8952,91.789,3714.49,3409.5,0.0006615770349118539
QARH2XK2PTHO,Qatar,Middle East,Government,BB-,EUR,2021-06-27,2039-10-03,18.2807,10.7101,9.9943,13.7105,112.2075,764.49,857.81,0.00016644886238971617
MEWQ1GAZ5UH8,Mexico,North America,Technology,A,USD,2021-08-28,2051-05-29,29.7713,4.5573,6.2495,22.3285,62.0438,7626.53,4731.79,0.0009181532770275879
RU0Q7TW1PUWS,Russia,Europe,Utility,BB+,USD,2022-07-11,2036-11-06,14.3369,9.8255,8.0936,10.7527,116.5058,8064.71,9395.86,0.0018231662118336682
GENFFYKPL3CH,Germany,Europe,Communications,AA,USD,2022-01-04,2024-09-01,2.6606,4.8741,4.8547,1.9954,99.9003,8637.43,8628.82,0.0016743302978114395
USO3XJVOEGI3,United States,North America,Technology,BBB-,JPY,2023-03-27,2046-11-30,23.698,7.8195,7.7881,17.7735,102.1656,9889.52,10103.69,0.001960513058181126
GBQUPXBFEJ2X,United Kingdom,Europe,Corporate,A,USD,2025-09-29,2030-08-15,4.8813,6.1349,6.6515,3.661,96.7692,7480.24,7238.57,0.001404567144039272
USG48RA4DV56,United States,North America,Utility,A+,EUR,2025-12-15,2043-09-07,17.7401,5.9629,5.4851,13.305,106.2301,8804.6,9353.14,0.0018148768524169105
NEONXD70FE07,Netherlands,Europe,Communications,BBB+,EUR,2026-03-19,2029-02-13,2.9096,8.4094,6.4466,2.1822,105.0466,971.14,1020.15,0.00019794920433064312
CAS387J5IE3L,Canada,North America,Energy,A-,CAD,2024-05-26,2031-10-01,7.3548,5.2223,5.722,5.5161,97.1408,3799.24,3690.61,0.0007161234259615889
CAVO0IPFG8PJ,Canada,North America,Government,BB+,USD,2026-03-13,2050-11-25,24.721,8.1846,8.1166,18.5408,102.2909,6651.44,6803.81,0.0013202066126715415
UAVRN8LPY857,UAE,Middle East,Utility,A+,EUR,2025-10-05,2042-11-14,17.1222,5.9976,5.7508,12.8417,102.173,5083.68,5194.15,0.0010078692934117628
GBNZ3A8V4X7Y,United Kingdom,Europe,Technology,A,USD,2024-06-04,2033-12-08,9.5181,3.4847,5.3832,7.1386,87.1962,3339.8,2912.18,0.0005650774041735159
GE2ITL8N3E54,Germany,Europe,Government,AA-,USD,2025-06-20,2052-05-28,26.9568,5.1244,5.7747,20.2176,87.4626,1260.6,1102.56,0.00021393998404822218
PON6O9JD3IH6,Poland,Europe,Utility,AA,GBP,2025-02-10,2048-09-11,23.6013,2.7478,4.053,17.7009,78.245,2489.47,1947.88,0.0003779652954286851
FR6W51OB537Q,France,Europe,Technology,AA-,USD,2026-04-11,2050-06-13,24.1911,5.9877,5.356,18.1433,111.7344,7432.82,8305.02,0.001611500368524313
SWO4Z533ZSMV,Switzerland,Europe,Energy,BBB+,GBP,2022-02-13,2039-08-21,17.5294,6.0798,6.8303,13.147,90.1318,1082.77,975.92,0.00018936684555247879
IT30QABXW2EO,Italy,Europe,Corporate,A,GBP,2021-11-11,2050-12-05,29.0852,6.9612,6.5537,21.8139,108.9044,7115.44,7749.03,0.0015036164513397867
NEWLCFS8314Y,Netherlands,Europe,Corporate,BBB-,USD,2022-08-09,2033-12-13,11.3549,6.9125,7.0614,8.5162,99.1722,515.21,510.95,9.914438656348782e-05
CA2LR0JY32HO,Canada,North America,Industrial,AAA,USD,2022-02-20,2029-04-12,7.1468,1.615,2.6248,5.3601,95.162,8278.09,7877.6,0.001528564085708057
CAG585I87XW6,Canada,North America,Industrial,A-,USD,2025-01-14,2042-10-06,17.7391,5.6901,5.8713,13.3043,97.7983,8343.23,8159.54,0.0015832715293869096
US9HZGOPJDN8,United States,North America,Utility,BBB+,USD,2025-05-09,2052-01-09,26.6879,4.146,7.0302,20.0159,50.0,3727.08,1863.54,0.0003616000198385793
SPEZP7QYEZG5,Spain,Europe,Corporate,BB-,EUR,2023-02-06,2037-10-19,14.7108,11.481,9.9546,11.0331,114.416,9136.09,10453.15,0.002028322036219048
US2KRE4V9KYP,United States,North America,Financial,AAA,USD,2025-02-03,2042-07-02,17.4193,3.416,3.3108,13.0645,102.7634,1609.11,1653.57,0.000320857585458042
CAOFKJW6NYQA,Canada,North America,Utility,BBB+,EUR,2025-11-23,2033-05-11,7.4701,7.4237,6.6128,5.6025,103.6986,4027.07,4176.02,0.0008103120484917437
GBELYYZZ0JDC,United Kingdom,Europe,Communications,A,USD,2023-03-24,2038-10-18,15.582,5.954,6.3212,11.6865,95.5259,3783.74,3614.45,0.0007013453919451972
SWLI6978V0BJ,Switzerland,Europe,Financial,AA-,USD,2023-02-12,2043-09-29,20.6414,5.2292,6.1166,15.4811,85.6889,6937.97,5945.08,0.0011535792341146104
MEWKON8UUJS7,Mexico,North America,Technology,A,JPY,2021-05-16,2030-11-10,9.4947,6.1454,5.2469,7.121,105.4491,2300.78,2426.15,0.00047076847726980326
CH5ELTFEBE54,Chile,Latin America,Technology,AA+,USD,2024-11-29,2038-05-07,13.4448,2.2836,3.7666,10.0836,84.2285,1782.3,1501.2,0.0002912918154596495
CA07K5W1JL6L,Canada,North America,Communications,AAA,GBP,2021-12-12,2034-10-20,12.8656,3.2055,2.9331,9.6492,103.0461,3654.01,3765.31,0.0007306181625821829
FR91F4X2BFIB,France,Europe,Government,AAA,EUR,2021-07-23,2047-12-29,26.4527,4.6486,3.6805,19.8395,119.5677,5512.01,6590.58,0.0012788316101332647
GEJZP97BMZRR,Germany,Europe,Financial,AA,USD,2023-12-30,2040-06-16,16.4762,4.3042,3.6944,12.3571,105.4561,1190.99,1255.98,0.0002437094953244142
IN45ED5GGSJ6,India,Asia,Utility,BBB-,GBP,2022-05-18,2040-02-05,17.7326,8.9205,7.5641,13.2994,116.4857,3392.97,3952.33,0.0007669073947479593
MEVV8SUOC1Y5,Mexico,North America,Utility,BB+,USD,2021-12-24,2036-10-30,14.8617,8.5788,9.2276,11.1463,93.5993,2823.13,2642.43,0.0005127352997102595
USAYYOV84FC3,United States,North America,Utility,BBB,USD,2024-05-11,2046-03-11,21.8492,6.9363,7.7378,16.3869,86.6671,6117.36,5301.74,0.0010287459830102866
COXQ8VA8X8L0,Colombia,Latin America,Financial,A,USD,2024-04-27,2042-12-30,18.6898,6.3229,5.1933,14.0173,115.9916,5003.97,5804.19,0.0011262410354201593
ME08UHBXLBC8,Mexico,North America,Government,BBB-,USD,2024-07-22,2031-01-22,6.5076,8.1279,7.5686,4.8807,102.5843,1857.04,1905.03,0.000369650710901343
JANOG85D4F2K,Japan,Asia,Utility,AA,JPY,2024-01-15,2039-05-22,15.3591,4.8139,4.9857,11.5193,99.0144,7602.17,7527.24,0.0014605804722891635
ZA1XERP3LYEX,South Africa,Africa,Government,BBB-,USD,2023-04-28,2033-11-01,10.5206,7.3664,7.7896,7.8905,96.5887,1100.29,1062.75,0.00020621527902993774
NE3SR5RUP13W,Netherlands,Europe,Industrial,AA+,EUR,2026-04-13,2053-08-15,27.3612,6.8286,4.4256,20.5209,149.7486,3010.85,4508.7,0.0008748650468711176
USPPBMQIYFRW,United States,North America,Utility,AA-,EUR,2023-08-25,2030-04-03,6.6125,5.1692,4.7854,4.9593,100.848,4548.16,4586.73,0.0008900059344013043
ITSKP6RFE64S,Italy,Europe,Utility,BB-,USD,2024-10-28,2048-08-07,23.7935,10.0365,9.6286,17.8451,107.6351,5730.18,6167.68,0.0011967723850081077
INKBCBDPDXUJ,India,Asia,Utility,AAA,USD,2024-03-05,2045-06-08,21.274,2.8931,3.1858,15.9555,94.641,1550.16,1467.09,0.0002846731345208481
MEJCSEXGGOC5,Mexico,North America,Industrial,BB+,EUR,2025-01-25,2049-12-16,24.9069,6.6821,8.5209,18.6802,64.8366,3506.45,2273.46,0.00044114061469151
INKVQYWJ85GG,India,Asia,Technology,AAA,EUR,2023-02-28,2047-10-03,24.611,2.8145,3.3192,18.4583,90.5267,5443.07,4927.44,0.0009561170684575641
EG0V5DTAEGRY,Egypt,Africa,Energy,A,USD,2022-01-10,2025-09-13,3.6779,7.5864,6.9267,2.7584,100.7466,4347.51,4379.97,0.0008498863662128971
IS58VRW9MYYO,Israel,Middle East,Technology,A+,USD,2022-08-17,2050-10-16,28.1844,4.2699,5.3,21.1383,77.1463,9696.21,7480.27,0.0014514664457955986
BRKEAEA84HXX,Brazil,Latin America,Corporate,BBB-,EUR,2023-12-01,2040-04-22,16.4047,7.8334,8.1885,12.3035,94.3312,4764.09,4494.02,0.0008720165497681683
ITPW2GKQRAFF,Italy,Europe,Corporate,A-,CAD,2024-04-04,2048-02-12,23.8761,5.5282,6.5102,17.9071,80.9936,2648.44,2145.07,0.00041622790739943405
COZ8Q4VHU4BA,Colombia,Latin America,Corporate,BBB-,USD,2024-11-18,2035-05-15,10.4942,7.5649,8.7073,7.8706,89.9169,1946.76,1750.46,0.00033965805441613247
USWZ940VTKRR,United States,North America,Industrial,A+,USD,2024-01-21,2035-04-01,11.2009,4.5492,4.8329,8.4007,98.2033,3023.08,2968.77,0.0005760580888503488
JAVWY3RZTPLC,Japan,Asia,Corporate,A-,USD,2023-09-27,2049-08-23,25.9247,5.183,6.1628,19.4436,80.5537,5344.86,4305.48,0.0008354323778478628
GB6PRR7MZAKG,United Kingdom,Europe,Industrial,AA+,GBP,2022-09-01,2045-10-25,23.1648,5.4776,4.0687,17.3736,126.481,8659.0,10951.98,0.002125114666318793
GBMIH6MV4XEK,United Kingdom,Europe,Financial,BB,USD,2023-10-27,2032-04-12,8.4674,8.4026,8.8979,6.3506,98.0692,9081.69,8906.34,0.0017281800877304123
MEZ83Y0224WK,Mexico,North America,Utility,AA,EUR,2023-09-22,2036-05-05,12.6288,4.6559,4.8778,9.4716,96.5486,9376.9,9053.27,0.0017566902838704911
US0YEHVDO9KH,United States,North America,Utility,AA-,JPY,2025-04-11,2042-08-25,17.384,7.5887,5.8841,13.038,121.1164,7131.67,8637.62,0.0016760378437587118
NEBA5MF36BCP,Netherlands,Europe,Corporate,BB-,USD,2026-01-29,2032-07-10,6.4499,10.1414,9.4817,4.8374,104.2812,5230.51,5454.44,0.0010583757859817017
CAWEIJMMB5JF,Canada,North America,Government,AAA,USD,2023-02-15,2025-04-03,2.1319,4.6414,3.126,1.599,102.8049,1796.78,1847.18,0.00035842553669115067
MEYSYZ7PQ4DD,Mexico,North America,Technology,AA+,USD,2021-06-12,2048-11-10,27.4342,2.179,4.3098,20.5757,57.3408,9581.81,5494.28,0.0010661063121793519
GEV283BDW56F,Germany,Europe,Energy,BB+,CAD,2024-08-31,2051-01-10,26.3788,10.4253,9.0181,19.7841,126.6322,4972.76,6297.11,0.001221886893184861
CAKPS0DXME4P,Canada,North America,Communications,A,EUR,2023-09-30,2049-07-10,25.7956,6.384,6.7906,19.3467,92.6441,868.72,804.82,0.00015616671923676735
USO1I3MSDN1M,United States,North America,Communications,BBB,GBP,2022-07-30,2048-02-24,25.591,7.3036,7.8094,19.1932,91.4702,8618.88,7883.71,0.001529749665905538
JAXF1PI2OOQ4,Japan,Asia,Energy,AA,USD,2021-07-16,2049-07-08,27.9982,1.7104,3.9741,20.9987,53.3418,2745.26,1464.37,0.00028414534759169124
GE2NBFA37DL9,Germany,Europe,Industrial,A-,EUR,2025-07-30,2038-05-30,12.8411,6.0353,6.7812,9.6308,92.1544,2879.59,2653.67,0.0005149163015792754
CHFC1XX6CWZX,China,Asia,Corporate,AA+,EUR,2022-06-03,2025-01-03,2.5896,3.8004,3.9104,1.9422,101.0784,5731.56,5793.37,0.0011241415300622633
CHSKOYTK06AK,China,Asia,Financial,BBB,EUR,2021-07-19,2034-10-15,13.2508,6.0698,7.1254,9.9381,89.1553,6833.73,6092.63,0.001182209734628247
CAT7ZQHT2XZ5,Canada,North America,Government,BB-,USD,2025-03-21,2050-08-12,25.4113,9.9361,9.2926,19.0585,112.4298,670.89,754.28,0.000146359972398684
SA2OHKBM00E9,Saudi Arabia,Middle East,Financial,AA-,EUR,2022-12-11,2047-03-12,24.2681,7.3574,6.3027,18.201,119.162,5508.92,6564.55,0.0012737807668369587
SAKDTS1FB2VI,Saudi Arabia,Middle East,Energy,AA+,JPY,2025-08-13,2040-05-07,14.7435,1.2047,3.5193,11.0576,76.3994,4775.49,3648.45,0.0007079427285596577
CA109DCNWMBX,Canada,North America,Corporate,BB+,CAD,2022-08-14,2039-03-20,16.6088,10.0032,8.0275,12.4566,123.5272,1207.07,1491.06,0.00028932425683404273
GEEK0Q929U6W,Germany,Europe,Utility,AAA,USD,2022-12-05,2045-08-01,22.6723,1.6975,3.2092,17.0042,72.4482,813.0,589.01,0.00011429109527304033
NETVMK2ZYZSI,Netherlands,Europe,Technology,BBB-,USD,2023-05-17,2027-12-01,4.5462,7.5219,7.8178,3.4096,100.5795,910.12,915.39,0.00017762164598561722
USLU3NDZ3CC5,United States,North America,Energy,BB-,USD,2021-06-15,2030-01-27,8.6257,8.2288,9.2042,6.4693,95.7895,5516.45,5284.18,0.00102533865268823
KURQNSVSOJRP,Kuwait,Middle East,Energy,A+,CAD,2022-04-01,2035-08-31,13.4251,5.8439,5.4107,10.0688,103.8474,3454.85,3587.77,0.0006961684230959677
MEP7R93FEZEZ,Mexico,North America,Corporate,BB-,USD,2025-06-14,2052-11-03,27.409,10.2079,10.2509,20.5567,98.3317,7773.7,7644.01,0.0014832384427735915
US5EHR07N8VO,United States,North America,Energy,AA+,CAD,2021-11-13,2031-10-10,9.9147,5.3817,4.0789,7.436,112.2852,7757.65,8710.69,0.001690216296300436
MEEUBFN9KR2F,Mexico,North America,Government,BB-,EUR,2022-10-12,2043-07-01,20.7335,11.0145,9.8357,15.5501,120.8739,940.83,1137.21,0.0002206634462156062
TUVB66H3REM5,Turkey,Europe,Communications,A,USD,2024-02-17,2028-04-14,4.16,5.1571,5.4969,3.12,99.1715,9642.47,9562.59,0.0018555183863551092
PEPUU62RZV1S,Peru,Latin America,Technology,AA,USD,2025-08-26,2040-07-27,14.9306,4.1039,5.0008,11.1979,87.0618,6304.72,5489.0,0.0010650817846109887
NEQQQ5L2XOIO,Netherlands,Europe,Energy,BB,USD,2025-07-02,2052-10-26,27.3389,8.7152,8.9898,20.5042,95.2427,7622.39,7259.77,0.0014086807774577005
CAT860X5ZU2Z,Canada,North America,Industrial,BB,EUR,2025-05-06,2040-02-08,14.7708,8.2151,8.2065,11.0781,101.4806,7826.64,7942.52,0.0015411611178554328
MEUEUGWUBUGR,Mexico,North America,Financial,AA+,USD,2024-02-23,2040-03-09,16.0542,4.5728,3.7763,12.0406,110.3867,8192.82,9043.78,0.001754848850797808
PE6E7GA2IZ5P,Peru,Latin America,Government,A+,EUR,2023-03-16,2051-04-17,28.1084,7.2472,5.8929,21.0813,128.3063,5161.6,6622.65,0.0012850544508751984
GB3VOB5APO4L,United Kingdom,Europe,Technology,AA-,EUR,2023-06-15,2038-03-21,14.7769,5.3142,5.2458,11.0827,99.0113,1900.81,1882.02,0.0003651858663278508
SPJEDGFJDLOG,Spain,Europe,Government,AAA,CAD,2024-03-27,2051-10-05,27.5431,3.8994,3.4723,20.6573,109.3198,2924.23,3196.76,0.0006202971116365503
AUWLACOLOLN3,Australia,Asia,Utility,AAA,CAD,2025-10-01,2039-08-05,13.854,4.1277,3.5217,10.3905,105.9602,3994.58,4232.67,0.000821304375527308
CAEH1VR1NECQ,Canada,North America,Technology,BBB-,EUR,2021-07-20,2050-08-21,29.1071,7.3656,7.0983,21.8304,105.9624,8696.32,9214.83,0.0017880392751479098
USOROI5J8YIT,United States,North America,Government,AAA,GBP,2025-03-28,2053-03-29,28.0234,3.8831,3.3272,21.0176,109.7796,979.82,1075.64,0.00020871644576406703
US2KODWH8N92,United States,North America,Industrial,BBB,USD,2024-08-05,2031-12-03,7.3316,5.7409,6.6432,5.4987,94.7525,961.35,910.9,0.00017675040947388404
RUTP6QAQ3K8A,Russia,Europe,Industrial,BBB-,AUD,2023-09-03,2043-08-15,19.9642,7.2747,8.0834,14.9732,89.7814,7754.23,6961.86,0.0013508745259631731
ZA7RV4NMWVSB,South Africa,Africa,Energy,BBB,USD,2022-05-17,2028-04-20,5.934,8.262,8.1517,4.4505,100.5669,3739.69,3760.89,0.000729760508822303
SA0UKOEFUKPV,Saudi Arabia,Middle East,Government,BBB,EUR,2021-10-03,2040-03-13,18.4552,7.7661,7.8113,13.8414,98.1405,3959.15,3885.53,0.0007539455686936664
TU8LYMJ1QI9M,Turkey,Europe,Government,BB,USD,2021-12-24,2034-06-06,12.4591,9.5939,8.7407,9.3443,108.002,3381.17,3651.73,0.000708579177503641
CAQVAYXAR6YO,Canada,North America,Communications,BB-,AUD,2024-04-19,2043-04-11,18.9911,10.3848,9.7583,14.2434,108.8426,2837.0,3087.86,0.0005991662305390577
PO6Z1T2XCB3Y,Poland,Europe,Utility,BB-,USD,2025-09-25,2050-06-29,24.7754,9.0127,9.8488,18.5815,84.7721,2544.82,2157.3,0.00041860100818751794
HOYM33MG1ZAQ,Hong Kong,Asia,Financial,A+,USD,2023-04-19,2053-01-27,29.7976,5.3059,4.8486,22.3482,112.3186,9468.39,10634.76,0.0020635615157058767
CA7QHAK7MDWK,Canada,North America,Technology,AAA,USD,2022-03-09,2031-09-04,9.4977,4.1638,4.4255,7.1233,97.9642,900.9,882.56,0.00017125133536641905
SPZIRNK6ZHH3,Spain,Europe,Corporate,BBB,EUR,2024-06-11,2053-12-31,29.578,8.7096,7.7216,22.1835,122.9573,2724.89,3350.45,0.0006501190135270334
MEO5URTXUYUC,Mexico,North America,Industrial,AA+,USD,2021-09-27,2034-03-07,12.4498,3.6831,3.3545,9.3374,103.3602,6516.05,6735.01,0.0013068567079928684
CAECJUIS2GY9,Canada,North America,Industrial,BBB,USD,2021-09-06,2028-04-04,6.581,9.3944,7.8363,4.9358,105.9852,1347.61,1428.27,0.00027714052842163175
TUYTJUQ7X7B7,Turkey,Europe,Energy,AA+,GBP,2025-08-28,2043-11-17,18.2335,3.3956,3.6753,13.6751,98.0361,734.62,720.2,0.00013974711263924834
CHP9JYQN15IK,China,Asia,Energy,BB,EUR,2025-12-25,2050-09-19,24.7532,9.4572,8.5269,18.5649,115.8055,1930.17,2235.25,0.0004337263725727295
SPPQAHCUA09P,Spain,Europe,Financial,AA-,USD,2025-09-23,2041-08-05,15.8793,3.9826,5.1792,11.9095,84.2561,2914.4,2455.56,0.0004764751734413116
HOCIFLWDR3VW,Hong Kong,Asia,Utility,AA+,JPY,2021-10-21,2032-03-01,10.3682,3.1812,2.938,7.7761,101.4204,2364.23,2397.81,0.00046526940316233824
RUMJDIMBM271,Russia,Europe,Utility,A+,USD,2024-09-13,2042-03-17,17.5204,4.7181,5.3495,13.1403,92.9461,3219.13,2992.06,0.0005805772644312542
SPW1WUDCBL4C,Spain,Europe,Corporate,BB+,USD,2025-01-15,2052-02-17,27.1089,8.3642,9.114,20.3317,83.8273,1710.38,1433.76,0.00027820580424555493
ITE7PKWCYUKN,Italy,Europe,Government,AA+,EUR,2025-04-05,2036-10-05,11.5105,4.8515,4.2347,8.6329,105.6741,2353.53,2487.07,0.00048258935216841895
CHD1IVXAN25W,Chile,Latin America,Financial,A,EUR,2021-06-09,2047-10-26,26.3973,4.3473,5.826,19.798,72.3954,2639.47,1910.85,0.00037078001969828887
USM72QLGDVC2,United States,North America,Energy,AAA,CAD,2025-12-04,2038-03-24,12.3123,4.2018,4.035,9.2342,101.8792,7132.65,7266.69,0.0014100235294980553
USGUWJP0QI2C,United States,North America,Energy,BBB,USD,2021-12-21,2043-07-11,21.5673,7.5183,7.6703,16.1755,98.602,3758.18,3705.64,0.0007190398368238047
MELP81L51FLM,Mexico,North America,Technology,BB-,USD,2025-08-22,2046-08-17,21.0025,10.0201,9.5505,15.7519,107.2777,4274.27,4585.33,0.0008897342793642384
CANAVYCS44PH,Canada,North America,Utility,AA+,USD,2023-04-02,2042-02-19,18.9004,3.6484,4.0469,14.1753,94.8372,6853.16,6499.34,0.0012611274632890477
FRH62MYZ9VLU,France,Europe,Industrial,AAA,USD,2024-08-01,2048-10-02,24.1869,4.0497,3.4422,18.1402,112.017,9339.26,10461.56,0.0020299539068345663
HO8WPFQ2BHAI,Hong Kong,Asia,Industrial,A-,AUD,2023-04-17,2046-10-28,23.55,5.1259,5.6925,17.6625,90.8377,2772.51,2518.48,0.0004886841269643073
SIIWI08L0HG9,Singapore,Asia,Utility,AA,EUR,2024-11-15,2045-04-11,20.4181,5.4024,4.0803,15.3136,121.6046,5702.35,6934.32,0.0013455306833054601
SWNCBEKGV1BB,Switzerland,Europe,Communications,A+,USD,2025-10-06,2034-01-17,8.2883,5.8616,6.3958,6.2162,93.6149,847.98,793.84,0.00015403616758892099
CAHG5ZMTGA46,Canada,North America,Industrial,BBB,USD,2025-07-26,2052-01-17,26.4971,7.5937,7.5683,19.8728,99.7879,8381.62,8363.84,0.0016229137608673296
GBAYN2D7KI3X,United Kingdom,Europe,Corporate,BBB-,USD,2023-08-24,2049-08-01,25.9565,7.5923,8.4048,19.4674,86.2872,2292.01,1977.71,0.0003837534881113133
NE79955CF72G,Netherlands,Europe,Communications,BBB-,GBP,2023-06-01,2026-03-18,2.8,7.5767,8.169,2.1,99.732,9238.77,9214.02,0.001787882103305036
CANNV9IBWGT2,Canada,North America,Utility,A,USD,2023-01-05,2051-08-19,28.6391,6.4474,6.0004,21.4793,108.9623,579.37,631.29,0.00012249507739243415
MELB25485HCQ,Mexico,North America,Utility,BB-,USD,2026-01-20,2045-09-10,19.6525,10.624,9.0008,14.7394,125.9172,4465.76,5623.16,0.0010911140987344009
GEXCS1XSRQLN,Germany,Europe,Government,BB,USD,2025-02-08,2050-08-10,25.52,9.3075,9.1965,19.14,102.2637,4055.91,4147.72,0.0008048207359567663
CAZZRJO7VBHH,Canada,North America,Industrial,A-,EUR,2023-11-24,2030-11-02,6.9471,6.5267,6.7803,5.2103,98.9136,7829.91,7744.85,0.0015028053670148327
BR5OL5U7NTED,Brazil,Latin America,Technology,BB+,USD,2023-01-29,2049-12-05,26.8699,7.1795,8.6149,20.1524,70.4948,4759.87,3355.46,0.0006510911504811055
USQMVQWPQO2L,United States,North America,Industrial,BB+,USD,2021-05-26,2047-06-28,26.1089,8.1774,8.6264,19.5817,92.5292,4042.33,3740.33,0.0007257710605636763
CANGIXMC4SX2,Canada,North America,Corporate,BB-,EUR,2023-06-21,2039-02-20,15.6809,9.9508,8.9427,11.7607,111.9269,8459.8,9468.79,0.001837317498871686
CO7DCBHHLK3Y,Colombia,Latin America,Energy,AA+,EUR,2021-12-19,2025-07-16,3.5773,3.5112,3.933,2.683,99.5501,6581.84,6552.23,0.0012713902025107775
USJZ99106AK3,United States,North America,Government,AA-,USD,2024-03-31,2028-04-07,4.0224,4.7859,4.6177,3.0168,101.4555,8213.14,8332.68,0.0016168674958994887
KR2OOUXQS1FO,South Korea,Asia,Utility,A+,EUR,2025-08-16,2040-12-19,15.3558,5.1383,5.5548,11.5168,95.2059,3896.38,3709.58,0.0007198043517138333
USI0RS210Q2L,United States,North America,Corporate,BBB-,JPY,2023-04-22,2034-11-18,11.5854,8.2422,8.7664,8.689,94.4847,9755.9,9217.83,0.0017886213930844797
EGG1ZHQUNUE7,Egypt,Africa,Corporate,AAA,AUD,2023-08-18,2027-09-07,4.0598,6.3326,4.2323,3.0448,106.3898,3086.71,3283.95,0.0006372153992663975
CAA34MPYO2TL,Canada,North America,Communications,AAA,USD,2023-08-10,2046-04-06,22.6738,4.9341,4.3576,17.0054,108.2942,9391.94,10170.93,0.0019735602615327825
GBA27F8LWVV5,United Kingdom,Europe,Industrial,BBB-,JPY,2023-04-22,2032-09-15,9.4102,8.6684,7.3317,7.0576,110.9823,5605.1,6220.67,0.0012070545281610565
HO9HOTGDUQ6D,Hong Kong,Asia,Industrial,A-,USD,2024-08-11,2039-02-15,14.5236,5.8668,6.6601,10.8927,91.7917,6577.86,6037.93,0.0011715957842514534
MEDTBYRGC8KI,Mexico,North America,Government,BBB+,USD,2025-02-01,2042-12-14,17.8769,7.2293,7.3517,13.4077,100.0063,1840.7,1840.81,0.00035718950627250027
CAXCCSG4OFDT,Canada,North America,Corporate,A,USD,2025-03-20,2041-08-31,16.4604,6.683,7.2708,12.3453,92.9733,6235.67,5797.51,0.00112494485281473
CARC85EHPZRV,Canada,North America,Technology,BBB+,AUD,2022-04-14,2034-11-03,12.5669,6.5404,7.2671,9.4251,94.1913,2003.69,1887.3,0.00036621039389621405
PO7VSYJAFCO3,Poland,Europe,Technology,BB,USD,2025-11-04,2043-08-26,17.8209,8.9193,8.3674,13.3657,107.0333,8972.29,9603.34,0.0018634254883268522
MES65QU0K5QZ,Mexico,North America,Communications,BBB+,USD,2023-07-11,2051-09-20,28.2147,9.084,7.5859,21.161,130.8852,1477.99,1934.47,0.000375363228252217
NEZKW3GI60Q6,Netherlands,Europe,Industrial,A,USD,2024-03-26,2035-04-23,11.0843,6.0244,5.2725,8.3132,105.4369,6490.31,6843.18,0.0013278459403924623
RUGUO8I5JWK6,Russia,Europe,Corporate,A,USD,2024-01-20,2050-08-26,26.6177,4.4595,5.4976,19.9633,80.3485,5252.83,4220.57,0.0008189564998498087
GBZ0HR9T9CD1,United Kingdom,Europe,Industrial,BB,AUD,2022-09-03,2041-07-23,18.9003,8.4116,8.8473,14.1752,93.459,8630.32,8065.81,0.0015650842246553395
SWLQJSQCZ0N0,Switzerland,Europe,Energy,AAA,USD,2022-05-09,2027-10-17,5.4455,4.034,2.8916,4.0841,104.7083,8521.82,8923.05,0.0017314224846371072
ME4OAE7L0RCT,Mexico,North America,Government,AA,USD,2021-12-17,2036-01-13,14.0822,4.804,3.6736,10.5617,110.1453,6431.54,7084.04,0.001374582249126549
FRI8F34GADKT,France,Europe,Government,AA+,USD,2022-11-05,2045-03-14,22.3722,2.5691,3.8699,16.7792,76.6957,1692.48,1298.06,0.00025187466958136997
INOC1YFMHBYH,India,Asia,Energy,A+,USD,2024-04-16,2039-01-14,14.7585,2.1983,4.6614,11.0689,71.9351,2747.4,1976.34,0.0003834876542536129
FRZ43XZ6OLBA,France,Europe,Communications,BB-,EUR,2023-02-14,2048-05-27,25.3005,8.8205,9.6604,18.9754,84.7379,5366.85,4547.76,0.0008824442224052596
CA117NIDP9MG,Canada,North America,Communications,A-,USD,2021-10-27,2027-08-20,5.8184,4.626,6.2497,4.3638,92.2144,637.89,588.23,0.00011413974460953213
POYH523GGODL,Poland,Europe,Energy,BB,AUD,2025-12-02,2033-05-03,7.4241,10.1802,9.6857,5.5681,101.9502,6303.17,6426.09,0.0012469140836711293
BRUGHT7EHMGO,Brazil,Latin America,Corporate,AA-,USD,2023-11-07,2036-09-20,12.8817,5.5213,5.5846,9.6613,98.7289,5721.41,5648.69,0.001096067922374612
COLOQC3XNCHK,Colombia,Latin America,Industrial,A,EUR,2023-02-12,2035-11-08,12.7462,3.9118,5.5532,9.5596,84.3213,8115.6,6843.18,0.0013278459403924623
NEV9DT94G8V9,Netherlands,Europe,Financial,BB,JPY,2022-01-21,2051-07-20,29.515,8.5947,8.4017,22.1363,105.2371,2600.9,2737.11,0.0005311069417884101
USZY9YLW5L4R,United States,North America,Technology,BB,USD,2022-05-25,2033-01-20,10.6677,10.3376,9.2899,8.0007,107.9054,6957.4,7507.41,0.0014567326727284355
POMVVNXIV9IW,Poland,Europe,Industrial,BBB-,USD,2021-06-12,2026-08-17,5.1853,8.6633,8.8175,3.889,98.4527,9733.53,9582.93,0.001859465145965054
ME6L01WCNKFH,Mexico,North America,Financial,AAA,USD,2021-09-09,2047-07-26,25.8937,3.3596,3.1154,19.4203,105.0065,3579.28,3758.48,0.0007292928740799251
NIB7V80LKX1S,Nigeria,Africa,Energy,AAA,USD,2026-03-29,2042-07-02,16.2732,3.349,3.2649,12.2049,100.4259,6654.31,6682.66,0.0012966987499997212
US9XKA4LIT6X,United States,North America,Government,BBB+,USD,2024-12-19,2044-06-13,19.4984,8.4253,7.3136,14.6238,115.2329,1250.32,1440.77,0.00027956601982400694
NEIYZVNLPA5C,Netherlands,Europe,Financial,A,USD,2024-01-09,2044-09-30,20.7418,5.3972,5.7595,15.5563,95.105,1725.3,1640.85,0.000318389405406985
SPGWFHDV37IC,Spain,Europe,Technology,BB-,EUR,2022-12-09,2041-11-03,18.9157,9.4013,8.9802,14.1867,106.0103,1960.62,2078.46,0.0004033029488144572
IS0LZIGIKQWJ,Israel,Middle East,Government,BBB-,USD,2025-10-12,2050-04-18,24.5323,9.1208,8.4555,18.3992,111.2194,2587.37,2877.65,0.0005583772267235947
RU2C9OGPS013,Russia,Europe,Industrial,BB-,USD,2024-02-20,2048-04-20,24.1813,8.9056,9.706,18.136,85.6843,5818.63,4985.65,0.0009674120968201449
QA2AN417VF0J,Qatar,Middle East,Communications,AA,USD,2025-09-27,2053-02-26,27.4363,3.9873,4.8833,20.5772,82.6358,3780.77,3124.27,0.0006062312018958961
ZAQQNVCEQFGA,South Africa,Africa,Technology,BBB+,USD,2024-11-29,2049-11-19,24.9902,6.9946,6.9658,18.7426,100.3542,6548.58,6571.78,0.0012751836710640924
CAS0R778NRXV,Canada,North America,Communications,A-,USD,2022-02-21,2046-08-13,24.4914,8.0634,7.1061,18.3685,117.4782,5229.76,6143.82,0.0011921426070192539
KROB7NUGPJ60,South Korea,Asia,Corporate,BB-,USD,2025-11-16,2048-09-21,22.8641,9.8606,9.2416,17.148,112.0072,3858.04,4321.28,0.000838498198980465
RUSRYZX70IB3,Russia,Europe,Government,BB-,JPY,2023-11-10,2049-09-01,25.8281,10.2465,9.5556,19.3711,112.9389,3791.46,4282.03,0.000830882155977007
ZAWYZXJQYJV8,South Africa,Africa,Government,BBB-,USD,2024-12-05,2046-08-27,21.7418,9.0048,8.387,16.3063,109.8577,7254.39,7969.5,0.0015463962984983192
GB4A1X7OV6SG,United Kingdom,Europe,Government,BBB,AUD,2021-11-11,2043-04-04,21.4087,4.9722,6.6264,16.0566,72.4052,2727.6,1974.92,0.0003832121184303031
SWP3JK8XNLO5,Switzerland,Europe,Technology,AA-,USD,2024-03-25,2052-10-09,28.5623,5.308,4.7441,21.4217,111.5584,7296.64,8140.02,0.0015794838820129605
ME0DW1MF07OL,Mexico,North America,Technology,BBB,USD,2024-01-01,2043-01-20,19.0668,8.0782,7.3174,14.3001,110.9373,9538.71,10581.98,0.0020533201208084878
US93ACZSX0GN,United States,North America,Corporate,AA-,JPY,2026-01-20,2040-08-01,14.5424,5.2889,5.5564,10.9068,96.339,4039.75,3891.85,0.0007551718971467073
USZHG8Q3GCG1,United States,North America,Energy,BBB-,USD,2026-02-12,2053-06-12,27.349,7.3577,7.6141,20.5118,93.4037,6055.19,5655.77,0.0010974417207049174
AUJ6OWW5FKNJ,Australia,Asia,Utility,BBB,USD,2025-01-27,2049-06-27,24.4328,7.9694,7.4603,18.3246,109.8313,7005.35,7694.06,0.0014929501103487018
CAMVRYDC1AU9,Canada,North America,Financial,BBB-,EUR,2026-04-08,2039-09-09,13.4307,6.5357,7.401,10.073,92.3945,8354.67,7719.25,0.001497837960622768
FRDSAV917RMP,France,Europe,Technology,A+,EUR,2025-06-07,2054-12-28,29.5786,5.8214,5.3172,22.184,111.7082,9723.59,10862.05,0.002107664710973545
CAN6937XNCML,Canada,North America,Industrial,BB+,USD,2021-09-14,2050-09-02,28.9869,10.1472,9.1685,21.7402,121.0285,4447.19,5382.36,0.0010443894323590454
RUDQZ05EV5KZ,Russia,Europe,Energy,AAA,EUR,2022-04-24,2027-07-06,5.2043,4.4456,3.2041,3.9032,105.6116,2369.21,2502.16,0.0004855174053893662
PE3NWXROG983,Peru,Latin America,Communications,AA,USD,2024-09-22,2046-08-24,21.9362,5.2785,3.9257,16.4522,121.7899,9646.46,11748.41,0.0022796533957262863
MEAMB3LPVOWC,Mexico,North America,Government,BBB,CAD,2026-03-04,2030-09-21,4.555,7.2414,7.5676,3.4163,97.5402,8252.32,8049.32,0.001561884516397326
INP779460KHF,Indonesia,Asia,Financial,A-,EUR,2024-07-25,2052-01-07,27.4724,7.1436,6.3594,20.6043,115.2587,883.09,1017.84,0.00019750097351948419
MESU4SE2KYT5,Mexico,North America,Communications,BBB,USD,2022-06-09,2030-09-12,8.2669,6.6557,7.117,6.2002,94.8873,8797.22,8347.44,0.0016197315161474133
USGQEXIH1XDP,United States,North America,Corporate,BBB-,USD,2024-04-29,2035-03-09,10.8672,9.8935,8.168,8.1504,114.816,5886.62,6758.78,0.001311469022443625
GBZF761HJR6E,United Kingdom,Europe,Government,AA+,USD,2022-07-27,2035-12-07,13.375,3.3475,3.7179,10.0312,96.1316,1997.78,1920.5,0.00037265249906092253
USET0DY571VX,United States,North America,Industrial,BB,EUR,2025-07-19,2037-10-24,12.2759,6.9973,8.827,9.207,83.7702,3303.53,2767.38,0.0005369805117684019
RUNZ0NXU43IE,Russia,Europe,Industrial,A,USD,2025-07-30,2034-07-19,8.9777,4.3189,6.3466,6.7333,85.461,6098.65,5211.97,0.001011327073954989
TUDD070EN48U,Turkey,Europe,Industrial,A-,EUR,2024-03-22,2042-09-28,18.5319,4.7271,6.3337,13.8989,77.2968,9137.71,7063.15,0.0013705287678948996
CAACT49LNY2S,Canada,North America,Corporate,AA,EUR,2021-05-07,2042-04-19,20.9656,6.03,4.3273,15.7242,125.7108,6844.16,8603.85,0.001669485136186055
MEVHOTQF74RQ,Mexico,North America,Utility,A-,CAD,2021-05-13,2050-09-28,29.3982,6.5478,7.1986,22.0486,84.889,9962.84,8457.36,0.0016410603173433397
USVFX2ZVL9E9,United States,North America,Communications,A-,EUR,2024-10-06,2048-12-18,24.219,4.4323,4.7665,18.1643,94.8226,6245.62,5922.25,0.0011491493166173124
POZR3RZN9L3H,Poland,Europe,Technology,AA-,USD,2023-06-09,2028-06-15,5.0229,4.7567,4.1667,3.7672,104.7631,7550.91,7910.56,0.0015349596214378398
GE03ZB5GRO9X,Germany,Europe,Government,BB-,USD,2022-10-16,2034-03-06,11.3956,10.3331,9.7695,8.5467,105.5115,4748.02,5009.71,0.0009720806826714367
IT49TMY91OTK,Italy,Europe,Utility,BBB+,USD,2025-12-08,2049-07-07,23.597,6.1746,7.1505,17.6978,83.39,692.66,577.61,0.00011207904711407418
NEZH4OE1U24Z,Netherlands,Europe,Technology,A+,USD,2025-08-27,2033-04-12,7.6318,3.2496,5.048,5.7239,86.4516,3071.41,2655.28,0.0005152287048719013
CAQFEZKFH00A,Canada,North America,Financial,BBB-,CAD,2024-09-03,2037-05-06,12.6796,9.2141,8.5977,9.5097,106.2871,5202.34,5529.41,0.001072922913216587
CA0UY9F8P47D,Canada,North America,Communications,BBB+,USD,2022-06-30,2044-05-28,21.9271,7.0517,6.9301,16.4453,103.662,6384.73,6618.53,0.0012842550089089755
HO9GB9XV8WOB,Hong Kong,Asia,Corporate,AA+,USD,2023-08-17,2033-08-02,9.9687,0.8901,3.8795,7.4765,76.5599,7958.18,6092.78,0.0011822388405250755
KRIRY8XNY2X1,South Korea,Asia,Industrial,BB+,USD,2025-03-06,2027-07-10,2.3479,9.457,8.8644,1.7609,101.0083,6642.9,6709.88,0.0013019805000775333
SI5XJXNECRYS,Singapore,Asia,Utility,BBB,USD,2023-03-02,2046-07-02,23.352,6.0936,7.2446,17.514,78.8764,5543.16,4372.25,0.0008483883827227901
USAUUJ02GRXP,United States,North America,Government,BBB+,USD,2025-12-14,2034-06-25,8.5351,8.6311,7.729,6.4013,106.023,8698.22,9222.12,0.001789453821733775
GBUDC62G3AUT,United Kingdom,Europe,Government,BB-,USD,2024-05-08,2037-06-15,13.1129,7.6128,9.54,9.8347,83.404,3290.74,2744.61,0.0005325622366298353
ME3RSVZ2E186,Mexico,North America,Technology,BBB+,USD,2022-03-23,2033-04-15,11.0714,7.878,7.4563,8.3036,103.4421,9767.51,10103.72,0.0019605188793604916
USGVGT2EEHFU,United States,North America,Utility,AA,AUD,2025-07-21,2049-01-01,23.4677,4.3309,3.6492,17.6008,112.9617,6102.43,6893.41,0.0013375925350437667
TU4B9SNTP8AK,Turkey,Europe,Communications,A+,USD,2021-12-28,2050-01-20,28.083,6.2858,5.2944,21.0622,121.1474,4527.34,5484.76,0.001064259057927303
CA8S2XQUZS9M,Canada,North America,Financial,AAA,USD,2024-10-27,2054-09-20,29.9197,2.5365,3.6267,22.4398,75.3931,955.6,720.46,0.00013979756286041774
INTHD3IGK38V,Indonesia,Asia,Financial,BBB,USD,2021-09-22,2039-09-22,18.0112,8.1148,7.875,13.5084,104.6375,3049.23,3190.64,0.0006191095910459473
GEHMEWCJN6OC,Germany,Europe,Industrial,A,USD,2023-10-04,2027-07-19,3.7932,3.0955,5.8003,2.8449,92.2106,2322.44,2141.54,0.0004155429486274033
MEJPZTC09ZGN,Mexico,North America,Financial,AA-,USD,2021-06-11,2030-12-30,9.5616,4.3784,5.0314,7.1712,95.8803,2982.62,2859.75,0.0005549039230353935
EGX3VPF9PAVC,Egypt,Africa,Government,AA+,EUR,2022-06-20,2027-09-07,5.2203,3.6066,3.2303,3.9152,101.6808,9162.79,9316.8,0.0018078254638119254
RUEDTCXNMJ5I,Russia,Europe,Financial,BBB+,AUD,2025-09-24,2036-12-17,11.2393,8.3281,7.5457,8.4295,108.7765,9556.54,10395.27,0.0020170910408294903
MEAN8ND7G0L3,Mexico,North America,Financial,AA,USD,2023-06-20,2031-08-16,8.1636,5.0177,4.7569,6.1227,102.0777,6932.51,7076.55,0.001373128894678246
RURTZ5TV6G8O,Russia,Europe,Industrial,A-,AUD,2026-02-09,2028-03-10,2.0846,5.4668,6.4033,1.5634,98.469,1798.99,1771.44,0.000343728999185879
JAM08TV4REAS,Japan,Asia,Energy,BBB-,USD,2023-08-01,2048-04-02,24.6885,7.5817,7.9868,18.5164,93.1998,3664.33,3415.15,0.0006626733570257275
GEFEN0B09ZIV,Germany,Europe,Technology,AAA,USD,2023-04-04,2037-02-17,13.8858,3.0337,3.7366,10.4143,92.4418,2262.5,2091.49,0.00040583128105229304
TUZG92SJP753,Turkey,Europe,Technology,BBB-,USD,2025-04-11,2031-06-06,6.1585,9.4243,8.2332,4.6189,105.3546,4797.07,5053.94,0.000980663041449601
SPK48OLDC08F,Spain,Europe,Industrial,A,USD,2023-06-30,2039-02-19,15.6523,6.4407,6.7311,11.7392,97.6628,9140.78,8927.14,0.0017322161054239644
USC0TR58PS0R,United States,North America,Financial,BBB,USD,2024-08-31,2030-12-03,6.2609,9.2628,8.2144,4.6957,104.8419,6065.6,6359.28,0.0012339503172237142
TUS95ZOW60ZZ,Turkey,Europe,Financial,BBB+,USD,2023-05-17,2039-09-29,16.3817,7.6022,7.219,12.2863,104.5928,1125.99,1177.71,0.00022852203835930178
CA0I0835TVV8,Canada,North America,Utility,BBB-,USD,2026-01-24,2049-08-31,23.6169,7.3027,8.1869,17.7127,86.1399,9671.4,8330.94,0.0016165298674962782
ITY5SIC4S8PN,Italy,Europe,Financial,BB+,USD,2025-10-12,2053-06-29,27.7331,7.3659,7.9948,20.7998,86.8455,2159.73,1875.63,0.0003639459551229566
CANE6IT1EKKH,Canada,North America,Financial,AA+,USD,2024-08-15,2045-07-31,20.9731,3.7947,4.3009,15.7298,91.8582,3064.75,2815.22,0.0005462633524635721
JA0UHK7X3BQW,Japan,Asia,Utility,AAA,GBP,2024-02-15,2029-12-24,5.8611,5.1403,3.5398,4.3958,107.9437,590.62,637.54,0.00012370782309362172
SPRMWLMA6GMD,Spain,Europe,Government,BBB,USD,2022-02-28,2035-06-05,13.2759,9.3738,7.7232,9.9569,115.8055,8681.71,10053.89,0.001950849900434063
USRDSFERFXIO,United States,North America,Communications,A,EUR,2023-07-15,2032-07-10,8.9963,4.7739,5.8053,6.7472,92.2302,5930.55,5469.76,0.001061348468244453
CHKPG3DP4FMP,Chile,Latin America,Communications,A,AUD,2025-07-30,2030-04-23,4.7358,4.3263,5.095,3.5519,97.5478,8522.95,8313.95,0.0016132331395821698
GBM5HGBO06FH,United Kingdom,Europe,Financial,AA+,USD,2023-08-12,2042-07-10,18.9257,2.562,3.3709,14.1943,87.3513,2780.8,2429.07,0.00047133507206139816
CHRXJPT2ZL15,Chile,Latin America,Communications,BB-,USD,2024-05-20,2049-01-06,24.6514,8.2694,8.2621,18.4885,100.8039,8927.51,8999.28,0.0017462141014053523
USS74NDDAFS1,United States,North America,Communications,A+,USD,2026-01-19,2043-07-15,17.4977,5.5211,5.7296,13.1233,95.5788,6686.18,6390.57,0.0012400218073021399
AUIYM90PKR1I,Australia,Asia,Utility,BB,USD,2025-08-17,2038-01-07,12.401,10.765,9.8087,9.3007,108.844,4250.61,4626.53,0.0008977286990264669
UAFSI159I3HZ,UAE,Middle East,Financial,AA,USD,2025-08-27,2028-08-24,2.9971,7.3299,5.496,2.2479,103.2544,2896.12,2990.37,0.0005802493379936532
KR3ZSG9VWIEB,South Korea,Asia,Corporate,BBB-,USD,2021-12-06,2039-03-16,17.2853,8.1057,8.2786,12.964,97.3235,1865.03,1815.11,0.0003522026959492169
GB97PWDBOLWI,United Kingdom,Europe,Industrial,A-,USD,2023-11-02,2048-06-12,24.6284,7.3028,6.3715,18.4713,116.4298,6661.01,7755.4,0.001504852481758437
MEMRSXKJKMPL,Mexico,North America,Corporate,AAA,USD,2023-11-01,2044-04-01,20.4319,3.2423,4.3635,15.324,80.4852,3823.58,3077.41,0.000597138519726672
NEBBB0HQ6DG8,Netherlands,Europe,Government,AAA,USD,2021-11-12,2037-12-23,16.1238,4.5379,3.7005,12.0928,110.7139,5307.79,5876.46,0.0011402642565121316
SPNKDAT5L0N2,Spain,Europe,Financial,BBB-,GBP,2026-03-14,2029-12-25,3.7883,8.0944,7.3917,2.8412,102.3476,5209.31,5331.61,0.0010345419372654022
USTNXHN5E0EV,United States,North America,Corporate,BB,USD,2022-01-30,2048-04-20,26.2404,10.8769,9.754,19.6803,122.7273,4534.45,5565.01,0.0010798307127305516
CA6XGZ7CTM09,Canada,North America,Communications,BBB+,USD,2023-04-28,2036-02-12,12.8041,3.6485,6.4282,9.603,72.2731,1647.41,1190.63,0.0002310290262727968
GBHZBGTJ5469,United Kingdom,Europe,Technology,AA+,EUR,2024-12-08,2027-10-18,2.8617,3.8276,3.3778,2.1463,100.2579,9599.44,9624.19,0.0018674712079860141
KR6QZ6CP7SAV,South Korea,Asia,Energy,BBB+,EUR,2024-10-15,2038-06-22,13.6939,6.8788,6.7306,10.2704,101.3351,2905.47,2944.26,0.0005713021853085716
MEZEBU2Y0OY5,Mexico,North America,Energy,A+,EUR,2024-10-16,2030-05-07,5.5611,6.0284,5.9452,4.1708,100.3135,851.99,854.66,0.00016583763855631764
NE8F1N2OJGFH,Netherlands,Europe,Industrial,BBB-,USD,2025-07-31,2035-05-16,9.7999,7.7038,8.6052,7.3499,92.9683,8649.95,8041.71,0.0015604078772315602
USZ52QZSKHZT,United States,North America,Industrial,AA,USD,2024-08-17,2027-01-28,2.451,4.5259,4.2953,1.8383,101.1385,1048.99,1060.93,0.00020586212748175192
CAGBIBF57J2X,Canada,North America,Utility,AA+,USD,2024-05-04,2039-09-04,15.3454,2.026,4.1518,11.509,75.437,1895.63,1430.01,0.0002774781568248424
TUI3TAMVNCZT,Turkey,Europe,Communications,AA-,USD,2023-06-04,2046-11-27,23.5001,4.5571,4.8749,17.6251,95.5046,3789.53,3619.17,0.0007022612574987342
ITZOWLC33H8G,Italy,Europe,Industrial,AA-,USD,2022-05-11,2037-03-20,14.8688,4.4754,4.8432,11.1516,96.6012,6677.82,6450.85,0.001251718497040954
CA8T922D0NX5,Canada,North America,Communications,AAA,USD,2024-05-31,2028-02-19,3.7236,5.3534,3.5473,2.7927,107.7108,9241.87,9954.49,0.0019315623928023756
USWT3HJU31FI,United States,North America,Corporate,AA-,USD,2021-11-03,2048-05-10,26.5362,5.2786,5.0486,19.9021,104.7021,6743.38,7060.46,0.0013700068021451086
SP0N6DGG5GR0,Spain,Europe,Corporate,A+,USD,2021-09-19,2037-08-11,15.9061,7.3612,5.4065,11.9295,123.028,1112.66,1368.89,0.00026561847406378873
POXAFGOVCCI6,Poland,Europe,Energy,A-,USD,2023-05-23,2048-10-07,25.3958,5.5909,6.3088,19.0469,88.0354,5872.8,5170.14,0.0010032104095260808
SW8DS03VNA31,Switzerland,Europe,Corporate,AA,EUR,2023-03-16,2031-06-23,8.2792,2.4496,3.9369,6.2094,91.175,4707.68,4292.23,0.0008328613569613451
CAXBIDFWA88D,Canada,North America,Technology,BB,EUR,2024-08-15,2046-11-26,22.2964,6.3783,8.3108,16.7223,66.3182,2254.78,1495.33,0.0002901528046970941
ME0MZHRUPFLF,Mexico,North America,Technology,BBB+,USD,2024-11-22,2027-03-01,2.2716,6.6733,6.6691,1.7037,100.0499,3588.05,3589.84,0.000696570084472201
CACYWE3DKS4F,Canada,North America,Financial,AA-,EUR,2026-02-08,2045-01-29,18.9881,6.6936,5.347,14.2411,120.6203,5760.42,6948.24,0.001348231710531145
EG6APFXI5N53,Egypt,Africa,Technology,BBB+,USD,2021-10-06,2046-04-15,24.5404,6.1285,6.9825,18.4053,85.5736,4715.94,4035.6,0.0007830650482740218
POEGDD8MWE77,Poland,Europe,Technology,BB+,EUR,2023-01-23,2048-03-24,25.1852,9.6377,8.5276,18.8889,121.2645,3890.55,4717.85,0.0009154483690156592
US6VGTVYFYK3,United States,North America,Utility,A-,USD,2023-11-13,2044-07-17,20.6928,6.2473,6.6839,15.5196,93.4003,3981.34,3718.58,0.0007215507055235435
KRMD6X73ZCA7,South Korea,Asia,Utility,BBB,JPY,2023-05-29,2051-05-29,28.0193,6.4391,7.2928,21.0145,81.3582,8341.09,6786.16,0.0013167818188113876
EGFXLOZ2RCU8,Egypt,Africa,Utility,AAA,USD,2022-10-01,2047-10-22,25.0746,4.6102,3.8808,18.806,112.2845,3738.39,4197.63,0.0008145052380281699
CHKD9GNLPYO2,China,Asia,Technology,BB+,USD,2022-05-25,2024-09-20,2.3261,9.3164,8.6553,1.7445,101.7525,5550.21,5647.48,0.0010958331348068621
CAM2XIPRTT3N,Canada,North America,Financial,A-,USD,2025-06-10,2044-02-16,18.7013,5.087,5.7577,14.026,91.1105,6631.29,6041.8,0.0011723467163896287
TUUPUY0ZIA9A,Turkey,Europe,Utility,BB-,EUR,2021-07-18,2041-09-10,20.1635,11.2754,9.0569,15.1226,132.6687,4048.44,5371.01,0.001042187086165689
GBU87CM453KF,United Kingdom,Europe,Utility,AA+,USD,2024-06-05,2039-04-05,14.8424,6.1805,4.3061,11.1318,120.0802,9541.77,11457.78,0.0022232597504245025
IN486I3CE8ZN,Indonesia,Asia,Industrial,AA-,CAD,2021-11-24,2049-06-16,27.5802,5.9501,5.1216,20.6851,116.0503,8595.4,9975.0,0.001935542139095393
GEA8NZXC45BN,Germany,Europe,Government,AA-,USD,2025-11-17,2031-03-10,5.3139,3.1542,4.5613,3.9854,94.1721,1485.86,1399.27,0.00027151338836812133
INCCU3FG00ZK,India,Asia,Financial,A-,EUR,2022-03-19,2046-06-13,24.2543,4.5013,6.4363,18.1908,64.6522,5417.57,3502.58,0.0006796382140905004
CAOM2ZKF5B1S,Canada,North America,Energy,A-,USD,2023-09-22,2026-11-19,3.162,7.4441,6.0481,2.3715,103.1395,7335.8,7566.11,0.0014681227803539892
USA3Y5T37SZP,United States,North America,Energy,BB-,EUR,2023-10-14,2053-05-02,29.57,9.8256,10.1237,22.1775,91.7358,785.19,720.3,0.00013976651657046733
CAF9S9EHWHG0,Canada,North America,Utility,AA-,AUD,2024-02-01,2052-01-14,27.9717,4.7766,4.7189,20.9788,101.9346,9530.64,9715.02,0.0018850957987122331
INU43QLX3F2X,India,Asia,Technology,A-,USD,2023-08-17,2052-01-17,28.4384,5.0854,5.6134,21.3288,90.0916,5291.62,4767.3,0.0009250436130034554
FRHDCV4BKTCV,France,Europe,Energy,BB-,CAD,2025-02-04,2037-04-18,12.2099,10.1306,9.6549,9.1574,104.9463,4014.99,4213.58,0.0008176001650576005
SW1LTWBJ9UU2,Switzerland,Europe,Technology,AAA,USD,2024-08-27,2036-02-10,11.4632,2.8321,2.1741,8.5974,106.44,4690.6,4992.68,0.0009687761931848408
POBL7AMKOH10,Poland,Europe,Industrial,A,AUD,2022-01-21,2030-05-17,8.3247,5.7087,5.8084,6.2435,99.5965,8801.31,8765.8,0.0017009098027952274
US9ZDO0D3FVN,United States,North America,Financial,A-,USD,2024-09-22,2048-04-24,23.604,5.4316,6.07,17.703,89.7593,7303.56,6555.63,0.0012720499361722236
CAV4KFQ5DZ53,Canada,North America,Communications,AAA,EUR,2021-10-13,2035-11-22,14.1184,3.6996,3.6008,10.5888,103.5543,4879.82,5053.26,0.0009805310947173119
CAX1F8S0X7M2,Canada,North America,Utility,AA,EUR,2022-09-08,2040-02-03,17.4172,5.288,5.3698,13.0629,99.9214,6745.72,6740.42,0.0013079064606718164
BRMM4P61NHVC,Brazil,Latin America,Energy,BB-,EUR,2023-12-21,2042-05-03,18.3798,9.6349,9.5698,13.7848,101.7096,5447.75,5540.88,0.0010751485441274067
CAFWR2F5T82D,Canada,North America,Utility,AAA,EUR,2022-09-07,2037-12-22,15.3022,5.4455,3.0781,11.4767,126.7922,4346.65,5511.22,0.0010693933381278509
USDL7FKNDG1J,United States,North America,Corporate,AA+,USD,2024-08-28,2044-05-13,19.7221,3.6471,3.6334,14.7916,100.6709,2260.86,2276.03,0.00044163929572383834
ITRJ5XFEUB4O,Italy,Europe,Government,AA-,USD,2021-08-25,2027-03-06,5.5318,4.6193,5.275,4.1489,96.2353,2780.66,2675.98,0.0005192453186342346
NE47EN48NYSJ,Netherlands,Europe,Corporate,AA,USD,2023-12-12,2032-01-26,8.1312,4.9474,4.6592,6.0984,101.2164,3213.45,3252.54,0.0006311206244705093
US5YWX0I3A4K,United States,North America,Communications,BB,EUR,2023-06-18,2042-11-10,19.4111,7.9918,8.6125,14.5583,90.2684,8080.46,7294.1,0.0014153421470451835
GBFOCNQDQX6Q,United Kingdom,Europe,Government,BBB,USD,2025-09-30,2030-12-07,5.1905,9.2517,7.2661,3.8929,107.6142,5768.67,6207.91,0.001204578586537512
JAD0771HLL9R,Japan,Asia,Energy,A,USD,2025-02-15,2047-10-18,22.6858,6.6541,6.6346,17.0143,99.1225,4425.43,4386.6,0.0008511728468527169
PEZRKBFQXLBV,Peru,Latin America,Energy,BBB+,USD,2024-12-12,2053-01-17,28.1197,6.4074,7.2504,21.0898,82.0306,2795.06,2292.8,0.00044489333498926487
GEN7NPRB58YJ,Germany,Europe,Industrial,AA,EUR,2023-08-03,2042-04-11,18.7024,5.7028,4.8289,14.0268,112.3378,8542.27,9596.19,0.0018620381072446937
CAWDCOKZ5SYJ,Canada,North America,Corporate,AA,USD,2023-10-08,2033-12-01,10.1588,4.7267,4.9525,7.6191,99.716,5021.45,5007.19,0.0009715917036047177
ME3D6M1FMPRY,Mexico,North America,Communications,AA,EUR,2025-12-14,2038-03-23,12.2809,2.6525,4.148,9.2107,87.3851,1701.56,1486.91,0.0002885189936884542
FRFZMYOA2VCY,France,Europe,Industrial,A,EUR,2025-03-18,2046-11-27,21.7102,4.298,5.8468,16.2827,74.1789,5576.66,4136.71,0.0008026843631295542
KRWL9700LFQF,South Korea,Asia,Utility,A-,USD,2025-02-20,2035-08-25,10.5163,6.6995,6.0954,7.8873,105.4859,3890.9,4104.36,0.0007964071913802071
EG5E8OSAQ3EQ,Egypt,Africa,Utility,A-,EUR,2024-03-10,2038-05-08,14.1704,7.568,7.0749,10.6278,105.1994,3161.27,3325.64,0.0006453048981915992
CA8DH9PTFNM8,Canada,North America,Corporate,BBB-,EUR,2026-04-11,2049-06-29,23.2354,9.4189,7.9532,17.4266,124.7484,3693.57,4607.67,0.0008940691175985633
US8UA3A6S5ZX,United States,North America,Technology,AA-,USD,2024-10-24,2038-07-04,13.7031,5.6667,5.2179,10.2774,105.8349,4939.89,5228.13,0.0010144627492399796
FRQOMTS1EGPG,France,Europe,Industrial,BB-,USD,2022-10-04,2039-10-26,17.0731,12.2385,10.3033,12.8049,124.1466,6484.24,8049.97,0.0015620106419502496
MEVTN4YPKW74,Mexico,North America,Communications,BB,USD,2023-01-30,2032-06-30,9.4235,7.3574,8.5923,7.0676,91.2332,8866.35,8089.06,0.0015695956386637573
US93DXWOR17D,United States,North America,Energy,BB+,USD,2023-10-20,2051-02-05,27.3174,10.745,9.2949,20.488,128.4392,7391.2,9493.2,0.0018420539984822441
CAPUBKPIQNHQ,Canada,North America,Communications,AA+,AUD,2023-03-12,2038-02-16,14.9461,2.5813,3.6915,11.2096,88.1511,7774.95,6853.71,0.001329889174349823
POE86O3Z0ANI,Poland,Europe,Industrial,A+,EUR,2023-04-29,2030-03-13,6.8772,5.5781,5.9715,5.1579,96.0615,6903.01,6631.14,0.0012867018446356916
POK5J42OI6OA,Poland,Europe,Government,BBB+,USD,2022-03-20,2031-03-29,9.0324,7.6833,7.2862,6.7743,103.6214,1567.64,1624.41,0.0003151993991145812
MEFN33VM89I9,Mexico,North America,Technology,AAA,USD,2024-01-07,2045-10-01,21.7502,3.3816,3.6977,16.3126,95.1582,8616.29,8199.1,0.0015909477245771467
SWGX32UEW9G6,Switzerland,Europe,Financial,BBB,USD,2024-03-24,2031-08-27,7.4318,7.9275,7.2003,5.5739,103.022,6510.61,6707.37,0.0013014934614039365
INSPD2SW24WJ,Indonesia,Asia,Industrial,BB,USD,2023-05-26,2032-04-19,8.9073,10.6569,10.0455,6.6805,104.307,1038.84,1083.58,0.0002102571179028557
MET8HDPWVBZ7,Mexico,North America,Financial,BBB,USD,2023-08-15,2036-02-20,12.5263,8.8163,7.7745,9.3947,109.237,6010.37,6565.54,0.0012739728657560267
POCN0EQWMI6K,Poland,Europe,Financial,BBB+,USD,2023-09-20,2025-12-10,2.227,6.0003,6.8969,1.6703,95.4711,714.41,682.06,0.00013234645327232116
GBTI221XJ7WW,United Kingdom,Europe,Utility,AAA,USD,2025-05-12,2027-09-17,2.3527,2.0442,3.6012,1.7645,97.2925,1995.1,1941.08,0.00037664582810579303
GEUDQVDK6DRN,Germany,Europe,Government,BBB-,USD,2025-08-01,2052-08-31,27.104,5.7747,7.2886,20.328,69.8577,5512.43,3850.86,0.0007472182257400387
SP4ORAC8CYNL,Spain,Europe,Communications,A-,EUR,2025-08-01,2038-01-30,12.5069,6.4042,6.8881,9.3802,96.6978,8317.44,8042.78,0.0015606154992956033
US63GAGUVB99,United States,North America,Government,BB+,AUD,2025-05-20,2034-09-28,9.366,7.4631,8.3728,7.0245,94.3694,508.61,479.97,9.313304867184118e-05
NERWTF07GBAS,Netherlands,Europe,Corporate,A-,AUD,2021-12-29,2024-05-22,2.3998,4.7578,5.9095,1.7998,100.0385,1890.54,1891.27,0.0003669807299656084
USF5EHLH07JR,United States,North America,Utility,BBB-,USD,2021-11-22,2048-04-08,26.3956,6.9364,7.5697,19.7967,89.4414,4742.72,4241.96,0.0008231070007375531
GE8MTK0RSOGG,Germany,Europe,Government,AA,EUR,2022-11-13,2032-10-07,9.9071,2.0657,4.2295,7.4303,84.6271,2466.37,2087.22,0.0004050027331892417
PEY5KOV1L28R,Peru,Latin America,Industrial,A-,JPY,2022-09-10,2032-07-09,9.8382,7.777,6.6743,7.3787,109.3543,2021.87,2211.0,0.0004290209192521217
ME5P03WVPUNW,Mexico,North America,Energy,A-,USD,2022-02-23,2024-03-21,2.0756,5.5936,6.3678,1.5567,98.1922,3810.54,3741.65,0.0007260271924557671
MECGBSVK3X8M,Mexico,North America,Energy,A+,USD,2024-08-16,2032-06-28,7.8737,7.2266,5.5009,5.9053,110.3126,5790.02,6387.12,0.0012393523716750844
ISBGL2MCXN2E,Israel,Middle East,Energy,A,USD,2021-12-08,2024-08-23,2.7118,5.1008,5.5998,2.0338,100.73,1220.78,1229.69,0.00023860820180693874
GELALQ26UNVS,Germany,Europe,Industrial,BB+,USD,2023-08-07,2043-07-27,19.9847,7.3234,9.7024,14.9885,65.0125,3562.22,2315.89,0.00044937370270773226
SWDKV54C6P1L,Switzerland,Europe,Communications,BB+,USD,2021-11-26,2034-01-25,12.1744,8.6046,9.008,9.1308,94.8316,6525.31,6188.06,0.0012007269061905402
CHLH2R9PEGLN,China,Asia,Communications,AA,USD,2022-04-09,2030-02-26,7.8908,3.0438,3.4753,5.9181,95.3265,3674.3,3502.58,0.0006796382140905004
MEUKX496K4O6,Mexico,North America,Technology,A,USD,2024-11-12,2049-12-31,25.1533,7.7466,6.3975,18.865,126.5096,1515.74,1917.55,0.000372080083089962
SP7BXCD20J1O,Spain,Europe,Corporate,A+,JPY,2023-07-23,2049-01-08,25.4835,6.0774,5.7353,19.1126,108.4558,4102.03,4448.89,0.000863259555609033
USULWOZQ48EN,United States,North America,Corporate,BBB-,GBP,2022-10-10,2038-06-21,15.7085,7.3524,7.566,11.7813,95.9509,7320.4,7023.99,0.0013629301884295387
RUWBBADLYPGG,Russia,Europe,Financial,BBB-,AUD,2024-01-13,2037-05-17,13.3513,7.0773,7.4357,10.0135,95.1861,3878.41,3691.71,0.0007163368692049978
AU6N6975J2D8,Australia,Asia,Corporate,BBB+,USD,2023-12-09,2046-04-10,22.3522,5.2334,6.6326,16.7641,74.3902,2798.1,2081.52,0.00040389670910975865
USCLW3JGEQE5,United States,North America,Utility,A-,EUR,2023-05-08,2031-09-21,8.3796,7.5495,6.4846,6.2847,106.2321,714.74,759.29,0.00014733210935275598
ME158OQESUX9,Mexico,North America,Corporate,BBB+,EUR,2024-02-21,2033-01-10,8.8956,7.1784,7.2269,6.6717,100.1377,3259.55,3264.04,0.0006333520765606944
MEL0IJKCU5X0,Mexico,North America,Utility,A+,USD,2023-03-09,2038-05-11,15.1858,5.218,5.8919,11.3893,93.7583,3637.79,3410.74,0.0006618176436589694
NEHC8CAH3GDH,Netherlands,Europe,Government,BB+,AUD,2026-02-22,2054-11-28,28.784,8.4971,8.1797,21.588,105.6088,2389.71,2523.74,0.0004897047737464267
ISVS41LQFS6H,Israel,Middle East,Corporate,AA,GBP,2025-05-18,2049-07-12,24.1675,2.9486,4.9793,18.1256,63.2053,1755.54,1109.59,0.00021530408041291798
USN95S2GKFL5,United States,North America,Technology,BBB+,GBP,2025-09-18,2055-05-02,29.6407,5.7725,6.6783,22.2305,79.3695,2636.42,2092.52,0.0004060311415438488
RUXF50I6GBXQ,Russia,Europe,Technology,BBB-,CAD,2022-04-13,2049-12-13,27.6888,7.9134,7.6667,20.7666,106.4221,2922.53,3110.22,0.0006035049495596263
USJ7DPFSSBJD,United States,North America,Communications,A,USD,2026-03-14,2029-10-09,3.5757,5.3869,6.356,2.6818,97.1679,7131.71,6929.73,0.0013446400428625078
CAX0PKOVTRPY,Canada,North America,Energy,A+,USD,2024-08-15,2030-07-23,5.9418,6.251,6.2379,4.4563,99.29,3624.74,3599.0,0.0006983474845718616
GEX8HBBJCDIW,Germany,Europe,Utility,BBB,CAD,2023-07-05,2026-01-30,2.578,6.2105,6.6173,1.9335,98.3389,8437.92,8297.76,0.0016100916431178133
QAZOD05JH2MK,Qatar,Middle East,Industrial,AA+,EUR,2024-06-05,2032-03-19,7.7937,4.0043,3.2445,5.8452,103.6016,5553.89,5753.92,0.0011164866791963672
JAV0DSZRK6IL,Japan,Asia,Technology,A+,USD,2023-07-11,2044-04-27,20.813,5.7685,5.766,15.6097,98.8879,2570.09,2541.51,0.0004931528523240433
TUCG6FARMGJC,Turkey,Europe,Corporate,BB-,USD,2025-06-24,2027-12-19,2.4881,8.7288,9.5,1.866,98.0284,7325.37,7180.94,0.0013933846584777614
HOY4V8URID3U,Hong Kong,Asia,Corporate,AA+,EUR,2021-07-29,2030-11-12,9.2977,3.1915,3.7196,6.9733,96.1156,7937.87,7629.53,0.00148042875353308
FR94SGFDK0Q0,France,Europe,Communications,A-,USD,2022-06-16,2041-11-09,19.415,6.195,7.3264,14.5612,84.4127,7035.65,5938.98,0.0011523955943102513
CH9JRNAMZ614,China,Asia,Technology,BB-,CAD,2022-11-08,2048-05-24,25.5597,8.5118,9.4899,19.1697,80.5207,3060.16,2464.06,0.0004781245075949267
US6VEY0A94XF,United States,North America,Government,BBB,USD,2023-11-22,2051-10-12,27.9074,8.7349,7.8519,20.9306,119.7518,7456.89,8929.76,0.0017327244884219025
MERI09M0G8W8,Mexico,North America,Communications,A,EUR,2024-09-20,2034-03-11,9.478,6.8214,5.643,7.1085,108.0773,8041.44,8690.97,0.0016863898410640486
TU5Y6Q8SJY5O,Turkey,Europe,Energy,A-,USD,2023-12-11,2037-06-02,13.4875,4.5965,5.8821,10.1157,85.3795,7108.59,6069.27,0.0011776769762954884
KUP9LBSMWPQ8,Kuwait,Middle East,Corporate,AA-,EUR,2023-09-02,2043-10-10,20.1191,4.7997,4.7979,15.0893,100.1448,642.13,643.06,0.0001247789200969106
CA2K8RYQF8WX,Canada,North America,Utility,A,JPY,2022-10-20,2050-12-07,28.153,5.8735,5.1641,21.1148,114.8385,7956.39,9137.0,0.001772937195480161
CAKK2ABKVBLP,Canada,North America,Energy,BBB,USD,2023-07-17,2047-08-20,24.1109,6.2846,7.7897,18.0831,72.592,1290.42,936.74,0.00018176438530087403
USXAJMK4X1FD,United States,North America,Technology,A-,USD,2021-05-27,2036-04-13,14.8908,7.3975,6.5327,11.1681,108.3467,7354.76,7968.64,0.001546229424689836
INJ9HVCHRM3W,India,Asia,Communications,AA,AUD,2022-04-22,2048-12-26,26.7007,5.4774,5.2695,20.0255,103.1857,9006.42,9293.34,0.0018032733015479478
CAP8DJKLUYLU,Canada,North America,Energy,A+,USD,2025-03-23,2031-07-26,6.3477,7.1901,6.3692,4.7608,102.9967,8204.65,8450.52,0.0016397330884479599
AUYHETKDUWTN,Australia,Asia,Energy,AA-,GBP,2025-06-15,2046-06-30,21.0569,5.2568,5.5531,15.7927,96.5297,5285.85,5102.41,0.000990068126911451
NE5PEPL7ZQPP,Netherlands,Europe,Corporate,A+,EUR,2021-11-24,2047-05-11,25.478,3.7988,4.6223,19.1085,84.2273,5825.12,4906.35,0.0009520247793634768
CAOAU8P1WKIS,Canada,North America,Industrial,A+,USD,2024-03-14,2041-11-08,17.6681,6.7657,5.8034,13.2511,112.2025,5409.95,6070.1,0.001177838028924606
CAETUK1OOA35,Canada,North America,Corporate,BB,USD,2022-04-05,2025-11-19,3.6287,9.0103,8.5823,2.7215,102.8878,4517.33,4647.78,0.0009018520344105048
NEQBB3XMDKRL,Netherlands,Europe,Industrial,BBB+,EUR,2023-06-07,2035-10-12,12.3584,7.2414,6.7386,9.2688,105.7088,1300.57,1374.82,0.0002667691271850755
KRC0Y0BHF0RI,South Korea,Asia,Corporate,AA-,USD,2021-05-05,2043-06-04,22.0973,4.4483,4.5071,16.573,98.804,1913.49,1890.6,0.00036685072362644105
POY4KL9ARYEA,Poland,Europe,Communications,A,AUD,2022-07-01,2049-12-18,27.4876,6.0507,6.321,20.6157,94.646,4789.21,4532.8,0.000879541394294897
KUVEDHR3PCEO,Kuwait,Middle East,Government,BB,USD,2021-09-04,2035-10-25,14.1502,8.2005,8.5877,10.6126,95.9265,5457.81,5235.49,0.001015890878577698
GB934T3Y4WPW,United Kingdom,Europe,Communications,BB,EUR,2021-12-25,2043-03-14,21.2328,8.5702,8.8902,15.9246,94.8362,6932.71,6574.72,0.001275754146641931
BRG3XG0TRKY8,Brazil,Latin America,Energy,AAA,USD,2022-10-01,2026-12-23,4.2327,1.7449,3.0088,3.1745,96.9558,2908.26,2819.73,0.0005471384697615491
CARYOZDPPBQU,Canada,North America,Corporate,BB,USD,2023-04-05,2041-03-07,17.9362,10.0605,8.4853,13.4522,120.5024,3820.0,4603.2,0.0008932017618730739
SWAKX6WB68Q0,Switzerland,Europe,Industrial,BBB,USD,2023-10-17,2042-03-31,18.4664,10.1094,7.2442,13.8498,138.7807,5172.01,7177.75,0.0013927656730718754
FRJ9M4SMZOCX,France,Europe,Technology,AA+,EUR,2026-02-11,2031-11-30,5.8048,4.8623,4.612,4.3536,101.1185,8508.03,8603.19,0.0016693570702400096
FRMZMZ2K1KO6,France,Europe,Industrial,A,AUD,2024-02-25,2043-11-24,19.7591,4.4123,6.0246,14.8193,76.9928,9143.32,7039.7,0.0013659785460240438
PEXNQXU71SEL,Peru,Latin America,Financial,A-,USD,2026-03-16,2037-04-19,11.1037,6.9216,6.955,8.3278,99.4804,7227.61,7190.06,0.0013951542970049345
TU8MWOB4FDD7,Turkey,Europe,Technology,A-,EUR,2023-07-24,2030-08-04,7.0371,6.0902,6.6145,5.2778,99.6387,8724.16,8692.64,0.001686713886715406
USR1930I6G61,United States,North America,Financial,BB,USD,2023-06-16,2046-10-20,23.3631,9.3158,9.1525,17.5224,102.9013,633.76,652.14,0.00012654079705159594
CAPCWE4C1V47,Canada,North America,Industrial,A+,AUD,2023-08-14,2042-07-08,18.915,4.7548,4.4541,14.1863,105.0341,6886.22,7232.88,0.0014034630603529108
USLZN9UHJPKH,United States,North America,Financial,AA+,JPY,2022-11-30,2043-05-11,20.4588,2.6601,3.6726,15.3441,84.9574,5432.65,4615.44,0.0008955768030542797
ZAF33GUWYH36,South Africa,Africa,Financial,BBB-,EUR,2025-06-29,2040-08-15,15.1401,8.0065,8.1812,11.3551,99.377,9085.79,9029.19,0.0017520178172329556
TUMOTCG06XR3,Turkey,Europe,Utility,AA+,USD,2022-09-01,2029-12-01,7.2564,3.302,3.014,5.4423,100.1236,1907.27,1909.63,0.0003705432917374171
NEURMWUECPNC,Netherlands,Europe,Utility,BB-,EUR,2022-02-20,2049-04-25,27.196,8.3069,9.7224,20.397,72.1054,9837.98,7093.71,0.0013764586092754267
CAC2KEIVLI77,Canada,North America,Financial,A-,USD,2022-11-16,2052-04-02,29.3978,7.7424,6.9705,22.0484,116.7443,6371.41,7438.26,0.001443314854290496
CAJZC58CU47S,Canada,North America,Government,BBB+,USD,2023-12-03,2035-08-28,11.7448,7.2713,6.9761,8.8086,102.9126,4136.83,4257.32,0.0008260874445727918
GEOCZDQ7JBMJ,Germany,Europe,Government,AAA,USD,2024-11-08,2041-09-29,16.9029,3.6365,3.5917,12.6772,101.8318,2614.73,2662.63,0.0005166548938164979
USM1FT07X5IC,United States,North America,Financial,AA,EUR,2023-09-29,2038-09-06,14.9497,3.0816,3.995,11.2123,89.7407,2131.09,1912.46,0.0003710924229909148
